kmeans_cluster,datetime_hour,svr1,upload_bitrate_mbps,download_bitrate_mbps,target_latency,target_throughput,latency_lag_1h,throughput_lag_1h,latency_rolling_3h,throughput_rolling_3h,latency_rolling_6h,throughput_rolling_6h,hour_sin,hour_cos,dow_sin,dow_cos,hour_of_day,day_of_week
0,2022-07-03 19:00:00,53.748858426094415,11.794191606872136,14.664049971854483,131.3516921646468,25.59580346759241,65.90421019911007,26.45824157872662,65.90421019911007,26.45824157872662,65.90421019911007,26.45824157872662,-0.9659258262890684,0.2588190451025203,-0.7818314824680299,0.6234898018587334,19,6
0,2022-07-03 20:00:00,63.44788146093298,12.656448620468629,14.058315174593508,52.210271154484104,24.273199180731037,57.00617278447345,26.105615296881762,62.7013157854086,26.41018954597195,62.7013157854086,26.41018954597195,-0.8660254037844386,0.5000000000000001,-0.7818314824680299,0.6234898018587334,20,6
0,2022-07-03 21:00:00,44.349891694867075,11.205234020118306,13.7872259133009,81.80341008652765,21.54860130940442,54.9039635944871,26.760648141204523,54.096867457567555,25.360828799926953,54.096867457567555,25.360828799926953,-0.7071067811865477,0.7071067811865474,-0.7818314824680299,0.6234898018587334,21,6
0,2022-07-03 22:00:00,72.8709870511882,10.523414981159643,16.109103411994983,71.4096059351218,24.244900769234736,78.79809240418048,28.519931409053907,79.12143576176172,28.26231189744751,78.60324268945449,28.30735097394296,-0.5000000000000004,0.8660254037844384,-0.7818314824680299,0.6234898018587334,22,6
0,2022-07-03 23:00:00,52.75185914503643,11.238713422144048,13.4756762917196,100.60333672874935,27.945223613007304,78.6374225866607,26.107535043203356,71.93140471155095,25.78404998111811,70.84291866336108,26.077426148472355,-0.2588190451025215,0.965925826289068,-0.7818314824680299,0.6234898018587334,23,6
0,2022-07-04 00:00:00,218.01612762579188,7.3284313258005325,13.2820881192624,93.17991728346638,21.678286292521666,87.8080932429564,26.674450344062258,144.67366726508092,22.070596831477598,128.30432343840144,23.357292462680707,0.0,1.0,0.0,1.0,0,0
0,2022-07-04 01:00:00,86.37970739282162,11.513555729501567,11.994103677186754,87.76666979797335,27.27262683455819,160.5525475445484,19.39779486586368,104.17621735358914,22.679816950831256,96.01690440265124,23.092612417578877,0.2588190451025207,0.9659258262890684,0.0,1.0,1,0
0,2022-07-04 02:00:00,76.20299558573231,11.12516641919175,14.792786271806532,90.55212933916374,30.791745216154542,99.6407715085373,23.90079921338806,99.37536354176356,24.729207605509586,90.8698611422489,24.89715289004673,0.4999999999999999,0.8660254037844387,0.0,1.0,2,0
0,2022-07-04 03:00:00,82.0581130562698,11.766279721849545,21.249586991392082,89.89387162141274,20.3522300965833,77.49461791900406,25.19686688010287,91.66798962515973,28.62149252484911,90.07381962603934,28.44251468699259,0.7071067811865476,0.7071067811865476,0.0,1.0,3,0
0,2022-07-04 04:00:00,73.41200973255238,2.056329838506926,6.153397247582853,78.41576369910055,29.072104663522346,102.07882267021748,37.14780064783195,87.85029266001594,23.34532661524087,89.18300018417793,23.671209614860143,0.8660254037844386,0.5000000000000001,0.0,1.0,4,0
0,2022-07-04 19:00:00,55.23627527812937,10.583663012000324,15.619078864736283,72.79084144749135,25.88567547443236,68.47774568098697,17.49544656436336,69.827546666465,24.47523217977256,73.56239289120042,24.545305364136365,-0.9659258262890684,0.2588190451025203,0.0,1.0,19,0
0,2022-07-04 20:00:00,73.36553969803626,10.585490375452247,13.357172000063484,62.0187756188225,25.135860558068096,87.95270147614508,25.30022582165228,88.19268881477728,24.246891652200286,89.89138690683517,24.45984955183244,-0.8660254037844386,0.5000000000000001,0.0,1.0,20,0
0,2022-07-04 21:00:00,54.94902646667014,11.205233716942276,15.293223858304174,64.01839149021804,24.510332129705585,93.95478231316521,23.334273151955646,80.94626615540969,24.973054639518487,83.32315030839807,24.900634591574576,-0.7071067811865477,0.7071067811865474,0.0,1.0,21,0
0,2022-07-04 22:00:00,83.97148788553471,9.156255675921534,13.194524555297358,67.44388453609213,21.083646350040674,72.8017633861557,28.83624621690641,80.77119624244129,24.61784152992961,83.2274684628594,25.532023495567284,-0.5000000000000004,0.8660254037844384,0.0,1.0,22,0
0,2022-07-04 23:00:00,47.46660127926821,9.349113317310369,11.738954954199324,73.09803951728546,29.89522514141559,90.85897515484831,21.86482322125303,75.86294845069185,23.450402083475595,76.67130357138838,23.80340979042581,-0.2588190451025215,0.965925826289068,0.0,1.0,23,0
0,2022-07-05 00:00:00,47.54436961701521,11.218099932177974,14.230970902863298,78.94385148257247,28.22979989139354,66.706399683386,21.927109109082142,61.97801681104731,23.445076446848258,63.78031277850599,23.68392850635515,0.0,1.0,0.7818314824680298,0.6234898018587336,0,1
0,2022-07-05 01:00:00,56.41166648260157,9.951089346426317,14.571143158737474,55.09027731044753,30.70574055213287,58.301410887750635,27.16251563946137,68.56104499864269,25.30616015394094,65.38161891239034,25.11700922520982,0.2588190451025207,0.9659258262890684,0.7818314824680298,0.6234898018587336,1,1
0,2022-07-05 02:00:00,68.97311589987679,11.115776562012728,21.999393279851862,90.27023220879879,38.803308685397575,67.77560737293241,25.722188251705106,78.37598684962951,27.33417676347841,80.21988989138951,27.114893957966956,0.4999999999999999,0.8660254037844387,0.7818314824680298,0.6234898018587336,2,1
0,2022-07-05 03:00:00,96.89968873929841,8.660835566042604,34.913823731557336,58.33721997000087,26.99711475882517,83.72435222035743,35.89261361626427,90.6541251539252,37.663243017964824,93.14680567992592,33.60327921707547,0.7071067811865476,0.7071067811865476,0.7818314824680298,0.6234898018587336,3,1
0,2022-07-05 04:00:00,35.38179218303146,4.1084382871536524,13.88497061293031,45.44302734375,99.25257142857144,61.70084905660377,0.0,47.90980625539179,15.273937913522673,58.01686946241401,34.3673243412454,0.8660254037844386,0.5000000000000001,0.7818314824680298,0.6234898018587336,4,1
0,2022-07-05 05:00:00,41.453125,20.60535211267605,78.56,46.537091280653954,31.06765269461078,40.691110581506194,17.993408900083963,49.27832899395332,39.08199344288513,56.53076307009327,45.50722659688449,0.9659258262890684,0.2588190451025207,0.7818314824680298,0.6234898018587336,5,1
0,2022-07-05 19:00:00,55.63971951480075,12.035179224062725,21.32755741326592,65.47088864483224,38.14309294140323,63.704689706330576,37.84047833678861,61.90378789017216,34.59559753190879,62.83450876196093,33.547873264217735,-0.9659258262890684,0.2588190451025203,0.7818314824680298,0.6234898018587336,19,1
0,2022-07-05 20:00:00,68.20719761694012,12.064355211358663,21.974237654324604,84.22636069530489,28.504340638663457,78.05582387966084,31.33302829842995,79.93903598763414,33.2684834105612,80.45184680165652,32.12316390119191,-0.8660254037844386,0.5000000000000001,0.7818314824680298,0.6234898018587336,20,1
0,2022-07-05 21:00:00,56.385017399776096,9.49602539938498,11.95219964886705,88.92903130691083,26.617472523472752,122.99091978002642,26.96104563389469,86.49661578197153,24.000508614241685,86.83462769538995,24.39029604120374,-0.7071067811865477,0.7071067811865474,0.7818314824680298,0.6234898018587336,21,1
0,2022-07-05 22:00:00,42.26377342067045,9.110645969750916,13.536806114163518,85.63426552991389,22.338599400157214,92.50523986895051,33.45030088560026,75.97894574385408,27.863666430926457,76.05134260040171,26.110367083508677,-0.5000000000000004,0.8660254037844384,0.7818314824680298,0.6234898018587336,22,1
0,2022-07-05 23:00:00,77.82748189854956,9.402616503196588,14.13842692489271,72.88664986807129,30.806284703849144,70.7250455525548,23.98599826042103,80.27863010006094,26.01965657103874,82.56393032809675,25.51399177930687,-0.2588190451025215,0.965925826289068,0.7818314824680298,0.6234898018587336,23,1
0,2022-07-06 00:00:00,53.67918869253787,12.2589362796537,17.092626476997417,70.45256659962541,30.64456473283603,106.75022708635139,26.77982654726035,83.82242539493816,29.052041077126777,87.74078531478378,30.463112379844578,0.0,1.0,0.9749279121818236,-0.2225209339563143,0,2
0,2022-07-06 01:00:00,52.037885118930824,13.200454845459761,20.494856500739036,92.8503098619813,31.909508107851558,80.87961900802448,23.766154681149118,75.52920558052395,29.77879694925164,77.36541961212308,29.733544728339666,0.2588190451025207,0.9659258262890684,0.9749279121818236,-0.2225209339563143,1,2
0,2022-07-06 02:00:00,82.04135770421026,11.365045587016487,14.872426699277385,55.76306854877116,34.10009674195582,67.72481551473228,29.665647101908597,84.47258432996435,26.345268775258724,84.07240196875739,28.709117337734938,0.4999999999999999,0.8660254037844387,0.9749279121818236,-0.2225209339563143,2,2
0,2022-07-06 03:00:00,70.37163840228365,11.574056789878009,25.29631849604308,72.92198397911052,44.49053334710485,62.410768609435436,33.63065511095025,76.96724445204912,33.366242706474026,80.96469543560998,31.85992036216664,0.7071067811865476,0.7071067811865476,0.9749279121818236,-0.2225209339563143,3,2
0,2022-07-06 04:00:00,60.014752268697535,12.056825329791852,52.886934085188436,54.99554747785497,20.67732675842216,65.11017949682882,28.31171112630756,73.63222220586803,44.42913772925483,76.40268886406483,37.227272979447505,0.8660254037844386,0.5000000000000001,0.9749279121818236,-0.2225209339563143,4,2
0,2022-07-06 05:00:00,21.91904761904762,0.0,0.0,73.40299342105263,54.15901325478645,44.39653344208809,26.873429951690824,41.81037940716661,21.28617122791608,38.0206005710462,24.230473675014323,0.9659258262890684,0.2588190451025207,0.9749279121818236,-0.2225209339563143,5,2
0,2022-07-06 19:00:00,52.08229433956335,10.391787507108393,17.38135626066834,102.75658953504436,36.01802361674935,116.48136164060973,38.55963208632153,86.7934247036884,32.139197421311685,90.70787857153317,33.23953641322632,-0.9659258262890684,0.2588190451025203,0.9749279121818236,-0.2225209339563143,19,2
0,2022-07-06 20:00:00,56.83821853419263,11.232249147403307,21.003209636991865,94.3207836063375,34.096304258500254,56.40432135016301,32.5517543486195,95.87590122756973,31.20961358600061,99.78649554926396,31.587293983287076,-0.8660254037844386,0.5000000000000001,0.9749279121818236,-0.2225209339563143,20,2
0,2022-07-06 21:00:00,56.04445827865468,12.181855256390032,16.424644197446895,84.08906120014154,29.354661681840557,63.05376793429074,29.876469830272903,59.20978414792571,30.106428224845192,90.03551917899733,30.42689227266892,-0.7071067811865477,0.7071067811865474,0.9749279121818236,-0.2225209339563143,21,2
0,2022-07-06 22:00:00,46.535233437905184,11.576560483621074,15.928428786862332,85.7217397963117,26.906435629733227,86.00096845033657,38.69418158886414,67.08751765699398,31.137746102037056,81.89581934780979,29.982066230807487,-0.5000000000000004,0.8660254037844384,0.9749279121818236,-0.2225209339563143,22,2
0,2022-07-06 23:00:00,75.20940087006716,11.18808481062864,16.378312726031837,74.65186447784102,19.24257076085063,73.13760848230147,32.15426342618845,83.76796172249381,33.02286231024719,86.24189790907293,30.2990592390183,-0.2588190451025215,0.965925826289068,0.9749279121818236,-0.2225209339563143,23,2
0,2022-07-07 00:00:00,104.76025321879347,12.67186432219167,21.046446632084333,148.657515830523,36.105716009462235,99.08579278797242,28.942653571486815,90.35520128282627,31.360431168541613,76.75582289764428,31.030589169228097,0.0,1.0,0.4338837391175582,-0.900968867902419,0,3
0,2022-07-07 01:00:00,69.44333895576938,3.7650199055736184,8.610928865809147,85.78985982231141,40.078218778522135,100.46744725226104,27.11934977433255,86.7040317167864,23.70465058319036,82.89618130233717,27.809594010344536,0.2588190451025207,0.9659258262890684,0.4338837391175582,-0.900968867902419,1,3
0,2022-07-07 02:00:00,95.21232839145374,12.979870999435747,28.53805461520041,93.30506241341975,65.07713383857848,82.2276804868895,15.450772125973929,91.59261764005825,29.58535531935472,82.54043058788925,31.818013864424266,0.4999999999999999,0.8660254037844387,0.4338837391175582,-0.900968867902419,2,3
0,2022-07-07 03:00:00,87.3529837261485,23.173743310554055,55.09015192804502,89.21719650720222,24.743633956207987,82.82554894490362,42.678140648212896,77.07050866042457,45.69999116705424,74.1336109150384,41.39004797366095,0.7071067811865476,0.7071067811865476,0.4338837391175582,-0.900968867902419,3,3
0,2022-07-07 05:00:00,31.168115942028983,24.074213836477988,55.89811320754716,68.25268404907976,107.91175617375815,91.40437279151944,68.64947368421052,66.99699926117178,62.449477184202806,57.92480966333156,44.73014579318095,0.9659258262890684,0.2588190451025207,0.4338837391175582,-0.900968867902419,5,3
0,2022-07-07 18:00:00,19.85,24.074213836477988,55.89811320754716,63.7817853705486,51.35248520710059,68.25268404907976,107.91175617375815,63.552946254643366,94.90225394754452,66.37393180634389,70.26792513169174,-1.0,-1.8369701987210294e-16,0.4338837391175582,-0.900968867902419,18,3
0,2022-07-07 19:00:00,49.25105872412474,10.975547206133445,18.817056788671596,75.13418815269164,23.566689593759286,101.4443662790386,45.41955071196271,86.49646867610247,37.39858875208708,76.07507871113674,35.74784312854679,-0.9659258262890684,0.2588190451025203,0.4338837391175582,-0.900968867902419,19,3
0,2022-07-07 20:00:00,91.33549320560338,10.413550105761907,14.954912311545565,97.37133464317111,25.48036256531068,74.10830964096964,37.09798174532606,86.45397054671888,31.03628217497005,77.09310073027069,30.140393250571933,-0.8660254037844386,0.5000000000000001,0.4338837391175582,-0.900968867902419,20,3
0,2022-07-07 21:00:00,68.91189226467655,10.943799550987714,14.91908014550831,84.38470945739131,31.076616435765885,94.04148342976633,29.49130230413722,87.38454065782634,30.032805138053963,77.17716167646921,30.310874462532926,-0.7071067811865477,0.7071067811865474,0.4338837391175582,-0.900968867902419,21,3
0,2022-07-07 22:00:00,97.65783106266598,9.717118688720005,17.893149690260927,99.4842185064857,28.190054421694914,86.12233464952084,36.2421665430557,91.5853156875609,29.067041012685237,81.74709610482665,26.936890719843017,-0.5000000000000004,0.8660254037844384,0.4338837391175582,-0.900968867902419,22,3
0,2022-07-07 23:00:00,81.21324135966485,12.065178493382767,16.771911633000947,108.28790612088346,34.92808167405508,110.95306171725653,28.723698673654,99.89613549225376,31.36529600820381,85.73125163722874,27.597716026468863,-0.2588190451025215,0.965925826289068,0.4338837391175582,-0.900968867902419,23,3
0,2022-07-08 00:00:00,81.77000794763018,11.515136709087287,23.346362359444704,149.86750038740468,39.56886167597724,88.95562116907657,28.083858457089185,104.71475676743536,31.357029293971184,90.12960117723472,31.951394415634873,0.0,1.0,-0.433883739117558,-0.9009688679024191,0,4
0,2022-07-08 01:00:00,46.66811950583526,5.225767356940968,11.183445219008307,81.38359711396618,35.17202167530716,77.70771261532344,42.82537380181503,69.53072228359957,31.144121679471304,64.32593484444129,29.04257644166814,0.2588190451025207,0.9659258262890684,-0.433883739117558,-0.9009688679024191,1,4
0,2022-07-08 02:00:00,107.2594222331894,10.376220460571199,23.948910444854896,88.69863005409854,38.12717231056176,72.80336917575937,29.964724979533138,96.7163777516741,36.75728162495815,90.99007859761502,36.282330457314416,0.4999999999999999,0.8660254037844387,-0.433883739117558,-0.9009688679024191,2,4
0,2022-07-08 03:00:00,62.82987780042084,11.199780046595269,28.863872271884386,60.891238620983366,22.641430157769236,126.10327563294526,35.1918547140631,98.32488938564474,34.680129719837645,93.75064500197777,39.213739204252114,0.7071067811865476,0.7071067811865476,-0.433883739117558,-0.9009688679024191,3,4
0,2022-07-08 04:00:00,16.194006309148264,12.488693586698338,34.497166666666665,75.17977081384471,38.88058600127551,52.24668711656441,47.03208333333333,64.33088482311491,47.00407738095238,63.43733991223144,63.7982052050173,0.8660254037844386,0.5000000000000001,-0.433883739117558,-0.9009688679024191,4,4
0,2022-07-10 19:00:00,51.28177599604634,13.047030778006915,19.61110807988955,66.57770801126904,24.47551980843728,82.61006065395902,37.874250612872515,87.85181408479703,32.7604058896488,91.83143615792983,34.68129899157887,-0.9659258262890684,0.2588190451025203,-0.7818314824680299,0.6234898018587334,19,6
0,2022-07-10 20:00:00,56.83031879456357,11.997021249559417,13.284203369813497,52.58993025694069,24.26241480091985,69.86535752273338,28.5114223635871,72.31816183497011,26.43498148179611,71.6555931797859,26.75284465845809,-0.8660254037844386,0.5000000000000001,-0.7818314824680299,0.6234898018587334,20,6
0,2022-07-10 21:00:00,58.09446336828168,9.681053838888124,15.40210658905285,73.20596573856395,28.977283865479304,62.778109563172315,27.6073595644002,66.03761838045776,26.98023505228267,67.72531348047302,26.74667839836179,-0.7071067811865477,0.7071067811865474,-0.7818314824680299,0.6234898018587334,21,6
0,2022-07-10 22:00:00,49.8317834681249,11.091036480030395,14.622200933226907,74.9129221076353,21.460277471363376,90.67079394266091,30.26442044808176,80.70081828537019,29.237146413234523,78.93037724236503,30.228687996612855,-0.5000000000000004,0.8660254037844384,-0.7818314824680299,0.6234898018587334,22,6
0,2022-07-10 23:00:00,61.23692452859663,8.335626940301069,10.8614555597344,60.648750876158715,26.152432760801506,63.42130571222018,27.870978865889892,70.03850614993371,25.37324395650781,73.99346063416874,28.311887753219967,-0.2588190451025215,0.965925826289068,-0.7818314824680299,0.6234898018587334,23,6
0,2022-07-11 00:00:00,54.47023376384599,11.85580878531749,13.83042192047904,75.33769748329178,35.23629159792448,67.30217729798011,18.852620099235622,66.89048537337332,25.045999692684493,76.335918227901,28.033977370271174,0.0,1.0,0.0,1.0,0,0
0,2022-07-11 01:00:00,54.47625479581681,11.09663533606007,14.710228487435357,61.319310573813326,33.65476212960555,70.7332793701055,25.929127405351927,67.20281356277042,25.416727771608215,65.12284906282402,25.44671898704947,0.2588190451025207,0.9659258262890684,0.0,1.0,1,0
0,2022-07-11 02:00:00,56.04625986507007,12.66302215875167,23.743841171207887,91.44175527729394,64.13463374445905,58.73753668755072,28.407153810495902,71.0342789565614,30.32329085735025,82.32525323261663,31.776106573402547,0.4999999999999999,0.8660254037844387,0.0,1.0,2,0
0,2022-07-11 03:00:00,93.02654434107478,18.4611375268185,60.85138282330889,67.13144905748231,29.548861049701287,72.75301799327198,35.502075305190246,76.52260223064226,47.502591417001064,80.18532169663155,39.30183407042885,0.7071067811865476,0.7071067811865476,0.0,1.0,3,0
0,2022-07-11 04:00:00,29.82714416058394,12.852008771929825,36.05812115891133,66.4440243902439,107.91175617375815,36.8007858649789,80.0464347826087,43.41426476925113,55.31989740070077,51.26248315430996,50.37447230734223,0.8660254037844386,0.5000000000000001,0.0,1.0,4,0
0,2022-07-11 18:00:00,30.096097560975608,30.144628099173552,83.32479338842974,74.32151422197435,87.22818181818181,34.500669860097325,48.90297629499561,45.91516003844004,80.80627752173588,53.62870603325653,63.66193993819623,-1.0,-1.8369701987210294e-16,0.0,1.0,18,0
0,2022-07-11 19:00:00,39.88501833841975,13.640262417676622,15.229864282727332,52.33477400836949,28.87610045957368,63.76806188094719,53.999298150116665,60.99094467670664,38.7583118628642,63.145257699014316,32.38370979671846,-0.9659258262890684,0.2588190451025203,0.0,1.0,19,0
0,2022-07-11 20:00:00,44.0817466676322,12.963849430192463,19.601452366970488,92.0411261470224,29.64279348287885,87.89237198593248,28.059562008123837,75.25368028467662,30.889349266953438,71.8229532493656,27.717672422068354,-0.8660254037844386,0.5000000000000001,0.0,1.0,20,0
0,2022-07-11 21:00:00,90.90983806493344,12.442119718955816,16.67695505011676,72.34569069436667,28.54493447246994,60.44323371900078,31.617252932327258,83.83564638093233,30.461665498074247,78.55192186958014,29.606973364011505,-0.7071067811865477,0.7071067811865474,0.0,1.0,21,0
0,2022-07-11 22:00:00,48.66979939257313,13.144210557603044,17.397641810432223,67.89146226520076,27.652380875671582,72.72129986019709,31.42758451139567,61.99950156870323,34.198224562254865,64.77848807682233,31.444040306945606,-0.5000000000000004,0.8660254037844384,0.0,1.0,22,0
0,2022-07-11 23:00:00,62.90880529762259,10.642874768017911,15.272051454079618,77.31805762714883,25.109909052572135,70.26003210481711,41.96931420292476,76.21189442973079,35.314470274793614,71.72782026823464,33.09884426229415,-0.2588190451025215,0.965925826289068,0.0,1.0,23,0
0,2022-07-12 00:00:00,59.547330477461685,10.008850530742684,11.512879205978184,100.15177906169362,35.13598094524058,70.00208197417963,29.481213548981714,71.35281169024805,34.223411506206766,68.44073267773655,33.32376133745384,0.0,1.0,0.7818314824680298,0.6234898018587336,0,1
0,2022-07-12 01:00:00,55.93862277895685,9.297339075821695,14.750083157098612,62.58475204694178,33.58484658982104,56.499600983650886,25.615646425262828,61.036138962637146,26.53868254034915,66.8266172860828,30.23761329972665,0.2588190451025207,0.9659258262890684,0.7818314824680298,0.6234898018587336,1,1
0,2022-07-12 02:00:00,101.58193117344156,11.258133219276283,22.655709196715776,77.96008595677623,54.925351723888156,58.74658395850702,20.08863423367638,75.1035868986529,27.22377808976743,77.03283665127543,32.54540861665217,0.4999999999999999,0.8660254037844387,0.7818314824680298,0.6234898018587336,2,1
0,2022-07-12 03:00:00,62.58032732343514,13.95985881204031,39.85935189894301,73.63085123584641,36.74961022759671,80.75862167657499,38.00891990088264,69.76894063205631,37.2440303769671,76.69411438207518,40.284032329962024,0.7071067811865476,0.7071067811865476,0.7818314824680298,0.6234898018587336,3,1
0,2022-07-12 04:00:00,66.95460168697282,15.25923469387755,47.89232142857143,86.79645161290323,97.3332584269663,33.95738202811245,54.614512315270936,53.80623316377768,50.60653894160556,59.03751666620364,37.36526355243032,0.8660254037844386,0.5000000000000001,0.7818314824680298,0.6234898018587336,4,1
0,2022-07-12 05:00:00,82.52516129032257,21.3214606741573,76.01179775280899,66.44108556832695,100.64998890122088,81.15184864104968,63.15155612244898,67.30189409402179,71.69977562156207,62.984226404717816,49.992211852349534,0.9659258262890684,0.2588190451025207,0.7818314824680298,0.6234898018587336,5,1
0,2022-07-12 19:00:00,63.60380495527188,7.954429050861569,20.762058938441594,87.46682588004435,35.523155482061796,65.60247250791886,35.28524088976992,67.14195590607116,31.793527084215743,80.29283769954257,32.658968412891184,-0.9659258262890684,0.2588190451025203,0.7818314824680298,0.6234898018587336,19,1
0,2022-07-12 20:00:00,45.70768121653835,13.355588358414588,26.112158531414497,44.56592243878528,33.60827111567039,82.10647236427371,23.28843914173285,67.49665170440919,30.123109535430338,75.72987664997949,27.58363130990267,-0.8660254037844386,0.5000000000000001,0.7818314824680298,0.6234898018587336,20,1
0,2022-07-12 21:00:00,38.083145926755826,14.425201485751138,21.230293034701486,62.48544028278578,29.85827530515159,53.48819798223196,36.38608156041591,54.34603442430256,32.065706743264684,64.28869835128086,28.755499472838682,-0.7071067811865477,0.7071067811865474,0.7818314824680298,0.6234898018587336,21,1
0,2022-07-12 22:00:00,68.37524330280294,12.96740167443831,19.775701292008243,60.97644837799219,33.140468971193116,66.83242418504148,42.29103498642467,70.62833378160322,35.34270280645951,77.74430592308272,30.49592227971671,-0.5000000000000004,0.8660254037844384,0.7818314824680298,0.6234898018587336,22,1
0,2022-07-12 23:00:00,54.83207120346795,13.094022823778163,19.402744727928138,102.49461433822714,33.53516268002681,72.51909811646165,36.94532362841776,68.86162984942122,38.34891777297315,73.17563228415852,34.54021082134636,-0.2588190451025215,0.965925826289068,0.7818314824680298,0.6234898018587336,23,1
0,2022-07-13 00:00:00,69.25162413709702,12.150872838110747,22.209039532787944,100.21094360343285,46.959904880433136,96.6906158467005,31.339802999966317,78.60710446829617,32.453899237717536,81.94228788891557,30.580978902731985,0.0,1.0,0.9749279121818236,-0.2225209339563143,0,2
0,2022-07-13 01:00:00,73.1097961686924,12.380909764886573,19.305567547757914,64.43066484205839,30.1770203146138,57.249771024901534,33.42232745615619,65.37032629495388,31.974888667597416,63.46103356034714,32.58691300154119,0.2588190451025207,0.9659258262890684,0.9749279121818236,-0.2225209339563143,1,2
0,2022-07-13 02:00:00,107.21293009782644,12.163426625470134,32.501618804855745,111.41070749663221,49.19514157120982,85.5112323947765,36.017662674995265,95.81126600743646,39.58761398859951,85.98482356920171,37.09424175108075,0.4999999999999999,0.8660254037844387,0.9749279121818236,-0.2225209339563143,2,2
0,2022-07-13 03:00:00,119.028606360334,14.606231894187395,48.55093984875774,117.83050254747019,31.803488200686868,103.04948993335968,35.41778154632551,100.19263543434987,45.72828488332111,87.12521396558728,41.764493318903796,0.7071067811865476,0.7071067811865476,0.9749279121818236,-0.2225209339563143,3,2
0,2022-07-13 04:00:00,236.6443346007605,12.84739365815932,72.77246713070379,71.21850775193798,107.91175617375815,200.99843907351465,61.41207184628237,182.47656603049333,67.74802040476395,130.30318065229332,77.39647744415466,0.8660254037844386,0.5000000000000001,0.9749279121818236,-0.2225209339563143,4,2
0,2022-07-13 05:00:00,35.774289405684755,25.35884529147982,83.09949551569507,113.61735294117648,50.56382537385432,242.63705323193915,85.61986078886311,171.6180000191306,85.16342448077346,128.64762383744136,84.94760822494233,0.9659258262890684,0.2588190451025207,0.9749279121818236,-0.2225209339563143,5,2
0,2022-07-13 19:00:00,94.084759340188,10.275286879919626,18.1513888515965,101.70294240586168,32.303474086925355,100.7507043229724,42.93301223236653,103.13856524090215,36.41716866610851,98.63325128722447,35.19684775006802,-0.9659258262890684,0.2588190451025203,0.9749279121818236,-0.2225209339563143,19,2
0,2022-07-13 20:00:00,89.01304031205922,11.454494105050294,14.555857364602753,85.39457501422675,32.29316485459948,72.79423448723267,26.9297239330771,81.17678525973726,27.633578608059473,74.98131557294609,30.216758219345763,-0.8660254037844386,0.5000000000000001,0.9749279121818236,-0.2225209339563143,20,2
0,2022-07-13 21:00:00,82.92074768595668,13.204261880893839,16.761155658132484,124.41512166243866,27.21523191442635,87.03226262423001,26.716800386844156,91.18809948293332,28.053587032743177,84.10304911218216,29.04977255427498,-0.7071067811865477,0.7071067811865474,0.9749279121818236,-0.2225209339563143,21,2
0,2022-07-13 22:00:00,101.31761031212496,11.734316236909095,21.105545649724267,90.74159123254793,33.510563716804796,95.2380648913535,40.63848115018876,98.66388026166668,37.1902460886479,91.3765442903781,35.25285826086649,-0.5000000000000004,0.8660254037844384,0.9749279121818236,-0.2225209339563143,22,2
0,2022-07-13 23:00:00,97.77830969468057,11.829347810374529,21.301830207976085,104.9036133534019,33.144240709975264,124.92126557918499,38.439593876360426,107.39529276090657,37.33401179997008,99.64824610450404,35.258300784101536,-0.2588190451025215,0.965925826289068,0.9749279121818236,-0.2225209339563143,23,2
0,2022-07-14 00:00:00,102.29568041957148,12.598104647366931,18.50916404695825,112.43098646424649,34.22219193692072,93.90839320857165,31.367663746622878,108.54300232654145,31.78271890651185,101.12668951049068,34.464814880481626,0.0,1.0,0.4338837391175582,-0.900968867902419,0,3
0,2022-07-14 01:00:00,113.2746073815483,9.734917486098587,18.310755162064133,123.19866641144192,33.22878792956502,148.6020983663202,33.367912211690275,120.81334658016979,30.912833029693804,118.73165268371395,34.02091268163606,0.2588190451025207,0.9659258262890684,0.4338837391175582,-0.900968867902419,1,3
0,2022-07-14 02:00:00,103.62549745163317,11.42076881627045,20.93238150636127,150.59655034392483,37.64730859062274,104.6307329864487,31.14670961425536,115.88692773883668,34.333578216430745,110.59493860620229,38.374215857490285,0.4999999999999999,0.8660254037844387,0.4338837391175582,-0.900968867902419,2,3
0,2022-07-14 03:00:00,151.56479719167285,10.522085273920954,29.39861219523778,99.379723939819,26.8412445263015,113.17474110474247,33.06123829478708,126.54651309470025,35.271787764448305,119.07423426465695,37.99447098099719,0.7071067811865476,0.7071067811865476,0.4338837391175582,-0.900968867902419,3,3
0,2022-07-14 04:00:00,41.87152542372882,22.400068694798826,50.98616290480864,67.5883595113438,47.88778433476395,87.40866369710467,58.576106870229005,71.81639126553323,57.88181870563176,107.15368128694222,69.7145805144646,0.8660254037844386,0.5000000000000001,0.4338837391175582,-0.900968867902419,4,3
0,2022-07-14 19:00:00,71.85499194317899,10.031078725543134,14.349279871587198,80.20158087938539,36.493898220373566,112.83366940267564,38.751885005253214,98.93891330462249,32.59741523581679,101.00600361765282,34.09000034860156,-0.9659258262890684,0.2588190451025203,0.4338837391175582,-0.900968867902419,19,3
0,2022-07-14 20:00:00,80.73134887764816,12.500920265756438,17.212453050486268,92.29376326227637,31.302583005120333,68.74912872796914,29.514056535618273,83.75370441465545,33.07536068336036,79.26694418623157,32.61069944106802,-0.8660254037844386,0.5000000000000001,0.4338837391175582,-0.900968867902419,20,3
0,2022-07-14 21:00:00,75.89262285135345,11.735088354335131,19.245612088403885,153.99956779635133,24.141557128257013,102.70661184059493,31.467126898388578,90.21696065984435,30.62838512054418,87.85392810710641,32.067083722547636,-0.7071067811865477,0.7071067811865474,0.4338837391175582,-0.900968867902419,21,3
0,2022-07-14 22:00:00,87.44017596242846,8.617492458215652,16.87779147705187,91.43681334368506,24.868063612702304,90.90365500095699,32.48923307518213,92.21940742968985,29.710759829091934,93.16715724218317,30.824374575545527,-0.5000000000000004,0.8660254037844384,0.4338837391175582,-0.900968867902419,22,3
0,2022-07-14 23:00:00,75.86416925783593,9.026809325870111,15.507518382908607,95.7056086923899,19.73860954670653,92.11870139974947,25.41907460351895,92.01789593560014,27.84574579742478,92.98796690496752,30.364129881557275,-0.2588190451025215,0.965925826289068,0.4338837391175582,-0.900968867902419,23,3
0,2022-07-15 00:00:00,93.44323541258741,13.576004235336784,16.6190680369814,92.47800115319882,26.23555920168401,123.2052598441364,27.487473631432373,112.47172513234308,30.699843810607074,101.3846106763534,31.537955807014896,0.0,1.0,-0.433883739117558,-0.9009688679024191,0,4
0,2022-07-15 01:00:00,76.13039779495067,8.827914106132118,14.15070914425379,109.8038906077145,34.878385813399845,93.80543040467298,24.48780772250759,100.15493249840037,24.725339595557635,102.4315396708309,29.91819119272547,0.2588190451025207,0.9659258262890684,-0.433883739117558,-0.9009688679024191,1,4
0,2022-07-15 02:00:00,106.07023917389225,8.448278911276178,26.644634252388652,103.33504071396136,30.769125608147306,118.20456759915075,25.852817206896596,107.59355112654322,29.197713664404,106.99079572329968,31.77709392233786,0.4999999999999999,0.8660254037844387,-0.433883739117558,-0.9009688679024191,2,4
0,2022-07-15 03:00:00,71.81738382099829,18.47926717557252,13.47679389312977,109.62968390804596,41.14488494411572,96.3366921005386,60.35331797235023,120.82349719472914,44.61250134701751,97.46319220178584,52.28127114094215,0.7071067811865476,0.7071067811865476,-0.433883739117558,-0.9009688679024191,3,4
0,2022-07-17 19:00:00,92.57927231017932,11.767838801644809,22.171535757321102,175.46252263499227,31.455685425298483,99.58986475620496,31.86480113739176,108.29315992998927,33.90617181235989,105.63451037733915,34.50391564463014,-0.9659258262890684,0.2588190451025203,-0.7818314824680299,0.6234898018587334,19,6
0,2022-07-17 20:00:00,120.31814897663926,12.180378103196249,19.50233176274819,86.98566333453188,31.498573256211603,97.38281884579011,31.687008747880963,101.69528746925594,30.20698835298083,92.94886085146237,30.984221599216458,-0.8660254037844386,0.5000000000000001,-0.7818314824680299,0.6234898018587334,20,6
0,2022-07-17 21:00:00,82.76361112481655,12.407509235249025,18.82299209191411,117.56511053841987,29.533303299452143,114.74556188255885,31.007783763224058,97.07338007532928,31.804594950344573,90.8491011333849,31.35823578783276,-0.7071067811865477,0.7071067811865474,-0.7818314824680299,0.6234898018587334,21,6
0,2022-07-17 22:00:00,82.1921887811454,11.461607164541121,17.37187434209859,86.80201906393904,28.37710603757039,98.06877220100439,28.5161100628805,92.35550544435033,26.64298387813613,82.94506312023422,28.02959743052698,-0.5000000000000004,0.8660254037844384,-0.7818314824680299,0.6234898018587334,22,6
0,2022-07-17 23:00:00,88.07194348806914,10.82943470876766,17.25057941928829,116.97734580385547,32.73654481755228,107.85732321388234,28.196595498431034,105.62789726042865,29.687328360299993,93.622035007365,28.150305971830736,-0.2588190451025215,0.965925826289068,-0.7818314824680299,0.6234898018587334,23,6
0,2022-07-18 00:00:00,89.59857590919441,13.308995409927675,13.335958996997723,115.08206567685404,28.40226480042613,97.80447887150129,24.837331755223115,96.17081100079989,25.173529730137318,96.24415515928757,24.751898483520762,0.0,1.0,0.0,1.0,0,0
0,2022-07-18 01:00:00,132.24280277634654,9.04818743779911,21.621931792654365,94.13384993865836,40.03055813117129,100.86772238850806,30.92542832475685,123.59210835238436,30.565036956507754,117.76959778647631,30.670225010577205,0.2588190451025207,0.9659258262890684,0.0,1.0,1,0
0,2022-07-18 02:00:00,80.64626744615391,13.057697966551268,27.018219678343527,103.51850358829809,50.66557080347612,123.03752799996943,30.57775831121272,106.49023866160245,33.781649328275556,110.04289089838846,32.10394113436409,0.4999999999999999,0.8660254037844387,0.0,1.0,2,0
0,2022-07-18 03:00:00,104.72767160634378,13.678267521235236,36.16541833053367,84.74660934518401,34.212440163920256,87.7138943276181,42.923970410627405,111.07917358273255,42.015532836306164,111.74132082515051,37.358469309180094,0.7071067811865476,0.7071067811865476,0.0,1.0,3,0
0,2022-07-18 05:00:00,32.342176870748304,31.473410404624275,83.98953488372094,66.29235218508997,81.1234899328859,79.38410608308605,71.41828822685419,63.93321180660689,82.30577855464846,81.83237620072879,56.32849739657768,0.9659258262890684,0.2588190451025207,0.0,1.0,5,0
0,2022-07-18 18:00:00,31.282776349614394,24.99798657718121,56.12550335570469,82.94470552334452,54.898301986754966,36.48673469387755,107.91175617375815,60.72106432068451,89.33466248735522,80.13290879382612,64.52306887394161,-1.0,-1.8369701987210294e-16,0.0,1.0,18,0
0,2022-07-18 19:00:00,73.84714160589657,12.44327317017276,22.76871351878115,87.98693812366047,39.05275798750427,107.16596012751376,45.39263458087976,88.61489130845544,40.296476452947104,98.0395691163586,35.7321956562827,-0.9659258262890684,0.2588190451025203,0.0,1.0,19,0
0,2022-07-18 20:00:00,104.47812996358934,12.92009912686991,22.635760180312108,107.62994292865898,37.55528128460963,72.26225770637515,26.76713799903216,87.03948425772442,30.55147071222699,86.7116875981423,28.464918960731588,-0.8660254037844386,0.5000000000000001,0.0,1.0,20,0
0,2022-07-18 21:00:00,98.72329777774861,13.258705321103895,25.42517583079173,103.52827626363288,39.169380217953574,121.96739102055402,36.76338222619683,101.90227247997078,35.139653994395076,88.60324086278854,30.457220782646058,-0.7071067811865477,0.7071067811865474,0.0,1.0,21,0
0,2022-07-18 22:00:00,67.75257873115277,13.52662983991684,23.887672367732346,90.10848918592275,34.08016447355066,100.95067501120728,31.88184348980114,96.1967247930765,35.24247507771,91.89198376879249,32.43805755612919,-0.5000000000000004,0.8660254037844384,0.0,1.0,22,0
0,2022-07-18 23:00:00,77.4307398328005,11.386953266074238,18.66560169585698,93.81526474091895,35.54836488062379,87.51088156550492,37.842319810299806,91.40237802469163,34.29904006546376,90.79696410423612,32.75925080602422,-0.2588190451025215,0.965925826289068,0.0,1.0,23,0
0,2022-07-19 00:00:00,71.64367008323246,13.41284639053563,21.26248526632815,78.82636399862234,41.4444355249052,84.43460250336557,32.29467898912125,90.52824343493292,34.43317963539673,82.93460686081467,32.47295821377478,0.0,1.0,0.7818314824680298,0.6234898018587336,0,1
0,2022-07-19 01:00:00,58.670191858043665,15.42143150192424,24.21400470381681,88.35620069393276,31.87937851262264,84.58877885449401,32.92063799841786,84.55276001274368,37.077790732784365,89.20074007124715,37.3423932018225,0.2588190451025207,0.9659258262890684,0.7818314824680298,0.6234898018587336,1,1
0,2022-07-19 02:00:00,81.91617723131344,12.923528046181072,18.56423332196684,117.89644988332554,35.74974152426327,79.86399576348195,36.724809241237814,83.03661703212644,33.21659495830327,87.26001364159659,35.305938418970086,0.4999999999999999,0.8660254037844387,0.7818314824680298,0.6234898018587336,2,1
0,2022-07-19 03:00:00,29.17795962902346,17.936294706723892,43.966269083969465,283.5478494623656,53.07422207164116,77.36741517857143,61.24011086474501,64.6612079843198,52.36140114066564,63.28456939254525,68.09470077399389,0.7071067811865476,0.7071067811865476,0.7818314824680298,0.6234898018587336,3,1
0,2022-07-19 04:00:00,275.7374193548387,11.502721088435374,41.57150098320579,130.58876936316696,61.57464977645305,45.92214402618658,61.89609255725191,135.61246955570786,58.73680849787936,104.46142185395992,57.69670290221316,0.8660254037844386,0.5000000000000001,0.7818314824680298,0.6234898018587336,4,1
0,2022-07-19 18:00:00,30.73076923076923,11.502721088435374,41.57150098320579,127.4510255127564,44.88536013409461,130.58876936316696,61.57464977645305,159.20574473671596,57.32443592404709,111.9334763605179,54.34661505401823,-1.0,-1.8369701987210294e-16,0.7818314824680298,0.6234898018587336,18,1
0,2022-07-19 19:00:00,59.40963501023518,15.034681516982557,26.254941125709998,82.03272682784804,32.86067357014435,74.26025560675171,29.920592018050908,76.43380773508646,34.22337375502865,77.05490033726201,33.0361894971194,-0.9659258262890684,0.2588190451025203,0.7818314824680298,0.6234898018587336,19,1
0,2022-07-19 20:00:00,59.16855154352079,13.822014105937685,15.227730137620894,72.84236499505624,34.82859690413982,83.8016692331718,50.426294372086524,80.37902960919541,37.240732964939646,85.2792641846679,35.548304151274166,-0.8660254037844386,0.5000000000000001,0.7818314824680298,0.6234898018587336,20,1
0,2022-07-19 21:00:00,43.052180812971834,14.713781259402033,18.49325886710972,61.803828811678336,32.04743546954153,80.24712803844068,31.868813335112907,72.21288676306166,38.278144570499016,69.85649374752778,34.85841018057561,-0.7071067811865477,0.7071067811865474,0.7818314824680298,0.6234898018587336,21,1
0,2022-07-19 22:00:00,81.21216089108972,11.833776968982407,18.699608277897102,89.30753969820239,28.285143129627922,61.79894500113521,28.772998742001985,76.59957085941362,31.513061112669842,75.97237736806252,30.83762274603733,-0.5000000000000004,0.8660254037844384,0.7818314824680298,0.6234898018587336,22,1
0,2022-07-19 23:00:00,75.33131954975619,10.870927142078857,17.16502760517101,77.34545954405212,37.07501880310684,86.53841356976413,32.08503830570749,77.04113642340941,30.499729568953537,72.90994380845945,32.76261084826346,-0.2588190451025215,0.965925826289068,0.7818314824680298,0.6234898018587336,23,1
0,2022-07-20 00:00:00,78.24651284229101,13.489853116060804,17.371168180768812,129.82288962751792,30.021458835526513,128.4989152215612,30.20976602053353,103.56706651126724,34.1688584838614,94.17330249971477,33.26771627009462,0.0,1.0,0.9749279121818236,-0.2225209339563143,0,2
0,2022-07-20 01:00:00,112.98558639842608,11.888535422964658,23.765426835437708,137.1646709385056,40.926739267801274,94.78308858334539,30.560858675649605,111.13798334904878,32.33725099409351,98.40373793807699,34.84104352369397,0.2588190451025207,0.9659258262890684,0.9749279121818236,-0.2225209339563143,1,2
0,2022-07-20 02:00:00,107.96938011666437,9.64675635151447,23.18140185485313,153.788705228235,54.25878911017362,106.17597041705412,36.52229358025015,107.33696561966518,33.499583041210386,99.23508320169553,33.98918097845017,0.4999999999999999,0.8660254037844387,0.9749279121818236,-0.2225209339563143,2,2
0,2022-07-20 03:00:00,137.91397562237987,16.26259970860758,45.75912196086473,101.52938542590366,29.8186521675623,112.84584619689063,39.25843148217975,120.8713114112647,44.9748701920643,106.07870065523298,38.992440677793034,0.7071067811865476,0.7071067811865476,0.9749279121818236,-0.2225209339563143,3,2
0,2022-07-20 04:00:00,41.11209302325582,18.88665297741273,39.92258726899384,75.03253731343284,43.448901098901096,155.07982673267327,74.96060606060607,106.36779424549005,63.9249364715505,138.80034117050766,46.02207630234204,0.8660254037844386,0.5000000000000001,0.9749279121818236,-0.2225209339563143,4,2
0,2022-07-20 18:00:00,45.64507462686567,24.22582417582418,19.223076923076924,62.16284530386741,107.91175617375815,71.04029069767442,58.80924024640657,100.38421824792682,59.07291580197123,130.0639264706204,45.78266646314312,-1.0,-1.8369701987210294e-16,0.9749279121818236,-0.2225209339563143,18,2
0,2022-07-20 19:00:00,86.83686382539271,12.308742268683895,23.98424579633541,94.68208743298324,28.038493148847333,123.77430101251866,41.07807305735967,114.68056011862588,40.64447197659886,123.67692151387239,37.23190431540557,-0.9659258262890684,0.2588190451025203,0.9749279121818236,-0.2225209339563143,19,2
0,2022-07-20 20:00:00,59.31157080302044,14.943525197914726,21.28619502397922,94.45302128220165,30.650780846219423,125.94043693207522,34.37444043429343,120.00302970589246,35.436215494380015,124.66754825477337,36.5199279280898,-0.8660254037844386,0.5000000000000001,0.9749279121818236,-0.2225209339563143,20,2
0,2022-07-20 21:00:00,58.73283478045681,12.562038304942517,15.929219265060718,109.77494819736194,32.31893707112853,128.25593267813898,47.155233948948116,108.46291156390207,39.566104289216184,113.05858336108423,37.06208125571555,-0.7071067811865477,0.7071067811865474,0.9749279121818236,-0.2225209339563143,21,2
0,2022-07-20 22:00:00,88.07349170791738,12.34980105145772,21.15525426223287,93.05092564501992,31.0499250594648,105.50340378756245,36.944924689989435,113.0321855914983,37.22796236011457,117.11800157588426,35.6280729062825,-0.5000000000000004,0.8660254037844384,0.9749279121818236,-0.2225209339563143,22,2
0,2022-07-20 23:00:00,85.29388926980019,10.716586726462603,18.84949092727335,114.91304172599915,27.386718546318445,99.70363153340801,26.911335072925194,96.03024522569233,30.22726853823063,100.69559159546905,34.4253451443791,-0.2588190451025215,0.965925826289068,0.9749279121818236,-0.2225209339563143,23,2
0,2022-07-21 00:00:00,135.3638002962787,8.988889601114186,20.414633077382916,139.363099556132,41.40219218084766,140.41976645770086,35.238182105268024,134.4360638795252,29.601006589572528,122.06914924985465,29.144229535068824,0.0,1.0,0.4338837391175582,-0.900968867902419,0,3
0,2022-07-21 01:00:00,58.17417136980217,6.579537759738205,11.971381728366316,96.42624751559023,30.720101746860305,78.03081365155151,34.94710449704205,84.92556947844386,28.32163056972651,102.01219035039884,33.80717951265364,0.2588190451025207,0.9659258262890684,0.4338837391175582,-0.900968867902419,1,3
0,2022-07-21 02:00:00,94.4051877417051,9.663598606952144,19.2760383891604,88.38331461743196,40.142653107781626,88.79842528287544,19.68320561965396,99.01897789436262,29.516330624962414,103.88576686895735,35.753007219015,0.4999999999999999,0.8660254037844387,0.4338837391175582,-0.900968867902419,2,3
0,2022-07-21 03:00:00,193.0238311890835,13.159261507265564,66.10724915899182,89.3758016990144,50.779179705217516,132.01622555724103,42.78417162511897,137.5369129085883,52.520748958104505,139.51539849635964,51.83002664115461,0.7071067811865476,0.7071067811865476,0.4338837391175582,-0.900968867902419,3,3
0,2022-07-21 04:00:00,40.15218120805369,18.075913978494626,89.52456989247312,56.90861344537815,49.16985294117647,214.93236464968152,89.94037552155771,112.9834015661387,83.77531534921269,91.19764633556514,78.04515446186402,0.8660254037844386,0.5000000000000001,0.4338837391175582,-0.900968867902419,4,3
0,2022-07-21 18:00:00,48.15378151260504,32.15735294117647,17.0125,59.67070763087843,65.10631031709559,43.83717701342282,107.60048387096774,105.22605170282748,82.23690411123395,88.84236679351575,76.43858991099233,-1.0,-1.8369701987210294e-16,0.4338837391175582,-0.900968867902419,18,3
0,2022-07-21 19:00:00,89.73846892719375,13.5803558641002,26.03578251044917,75.16553448979185,31.391030826657975,119.88519196652834,35.79780059880437,116.67838274848884,33.13368351277015,110.57532006405853,32.38103702940313,-0.9659258262890684,0.2588190451025203,0.4338837391175582,-0.900968867902419,19,3
0,2022-07-21 20:00:00,60.905526213825354,10.301598813709214,21.0527282298549,117.5219222750221,38.50304256201641,86.15500093842255,35.27034237902855,89.86309710523751,31.825128003831512,105.62408363135481,31.94682569401301,-0.8660254037844386,0.5000000000000001,0.4338837391175582,-0.900968867902419,20,3
0,2022-07-21 21:00:00,77.4195208341172,11.4935308656526,24.95156267338163,121.91452566593755,35.71250063713712,100.93951499012356,29.365359640176948,109.87122832285094,32.64157704451074,121.15957372484921,28.06382461056057,-0.7071067811865477,0.7071067811865474,0.4338837391175582,-0.900968867902419,21,3
0,2022-07-21 22:00:00,93.12841470440426,11.48893745418431,24.743186151117243,109.85634662444355,30.506593883330837,100.94548823265895,35.21718357200134,99.62266744869709,32.77953131763896,98.27955756559595,30.524600640949927,-0.5000000000000004,0.8660254037844384,0.4338837391175582,-0.900968867902419,22,3
0,2022-07-21 23:00:00,110.02717859350815,10.876730393504658,21.974962346192168,97.02393859341802,33.077191216476166,121.58454431031792,36.80824158846691,112.24944691345954,35.67406738427054,100.23259857893481,30.41603595711738,-0.2588190451025215,0.965925826289068,0.4338837391175582,-0.900968867902419,23,3
0,2022-07-22 00:00:00,63.614471502273936,10.718770086338035,19.123919765453998,109.93889397958795,41.413391523112594,124.38491710669375,24.982345765995166,100.34779354327601,29.195408495139763,102.17906236802067,32.27759424434327,0.0,1.0,-0.433883739117558,-0.9009688679024191,0,4
0,2022-07-22 01:00:00,87.78571528289417,15.24188980637138,20.159231895775424,73.3923031116676,38.64950805208068,49.96608309182672,27.340368743309742,85.51170739364065,29.742336253061474,85.74372045209529,29.417368075174384,0.2588190451025207,0.9659258262890684,-0.433883739117558,-0.9009688679024191,1,4
0,2022-07-22 02:00:00,96.94526251563755,14.342293340336592,33.060049943005374,117.63662239365829,33.926681445348585,90.42499702142786,32.0681321331466,89.31998652959032,38.22138543922268,97.28441106652049,35.00486804546849,0.4999999999999999,0.8660254037844387,-0.433883739117558,-0.9009688679024191,2,4
1,2022-07-03 19:00:00,152.01849988560443,8.301893293768087,14.650090776799262,222.01160702676967,24.447173288867248,175.99025100994825,22.95198407056735,175.99025100994825,22.95198407056735,175.99025100994825,22.95198407056735,-0.9659258262890684,0.2588190451025203,-0.7818314824680299,0.6234898018587334,19,6
1,2022-07-03 20:00:00,96.07327558348271,10.49724212757459,13.664266072850735,160.665180279446,24.138323969867944,215.46775217637094,22.999015580899034,166.93142879599498,23.58026189066218,166.93142879599498,23.58026189066218,-0.8660254037844386,0.5000000000000001,-0.7818314824680299,0.6234898018587334,20,6
1,2022-07-03 21:00:00,158.42623353502717,7.20894810249708,15.403315199263789,221.7631453416024,24.975503917720403,157.41837783698008,23.232253559549175,181.21715650732352,23.116370142754523,181.21715650732352,23.116370142754523,-0.7071067811865477,0.7071067811865474,-0.7818314824680299,0.6234898018587334,21,6
1,2022-07-03 22:00:00,197.10550084923474,7.6263302978740075,14.7355994984904,172.31604632547635,19.012248692540417,173.8158467315351,21.4067432250263,192.67840037131785,21.461724515162103,198.04101960445706,21.293790251998814,-0.5000000000000004,0.8660254037844384,-0.7818314824680299,0.6234898018587334,22,6
1,2022-07-03 23:00:00,198.92626591628104,6.203563021135095,10.462138512428556,211.0304540719201,15.72666906996782,233.13876625678185,17.23909900145876,215.83530871966195,17.114279311439482,217.003984933609,17.04261968462363,-0.2588190451025215,0.965925826289068,-0.7818314824680299,0.6234898018587334,23,6
1,2022-07-04 00:00:00,305.94358239669174,3.33054515594703,12.314330357131064,274.07365475028513,16.494299845968,204.1923993983095,25.461567864146588,238.82733391831485,22.397169300026587,224.3667111721063,22.610498066887413,0.0,1.0,0.0,1.0,0,0
1,2022-07-04 01:00:00,273.47305021777066,3.2010187159389583,10.576472027192544,247.09346303653032,18.941007442360586,296.820758146029,13.979060247712303,266.85830996800286,17.66293247891969,238.7339255787246,20.806946624948914,0.2588190451025207,0.9659258262890684,0.0,1.0,1,0
1,2022-07-04 02:00:00,192.25498748693863,5.906110803039203,12.9577912813716,209.30958045792997,22.540746169497243,222.10379817229884,16.345304190004914,219.65989838062575,17.16820106814917,197.24880193029713,19.19630449924581,0.4999999999999999,0.8660254037844387,0.0,1.0,2,0
1,2022-07-04 03:00:00,202.7713877743743,5.970657142312909,12.546753256242505,191.7020128663018,13.73504521311416,166.83105987516956,15.462957180147066,195.21783983423484,16.594243664600217,181.61679115898386,16.704788536307436,0.7071067811865476,0.7071067811865476,0.0,1.0,3,0
1,2022-07-04 04:00:00,213.51757575757577,0.0,3.05625,118.24155341351873,20.578291232235415,193.61938962230258,25.89386560436923,185.28125595616584,17.157903808769902,174.03383963745483,17.375857611426362,0.8660254037844386,0.5000000000000001,0.0,1.0,4,0
1,2022-07-04 19:00:00,101.10636026943327,7.019234651141431,14.885109137681008,170.88950961889591,23.8391565229965,164.07497272864947,12.349146951168215,153.25750493656938,18.16988682526141,150.91525976552967,19.362094485790795,-0.9659258262890684,0.2588190451025203,0.0,1.0,19,0
1,2022-07-04 20:00:00,257.76777853211894,7.47169949862688,14.142784710570762,109.8782358602485,15.05096184286636,260.1074100924293,20.32317346359394,264.2237758379873,20.968828836395794,264.2237758379873,20.968828836395794,-0.8660254037844386,0.5000000000000001,0.0,1.0,20,0
1,2022-07-04 21:00:00,150.39575053971637,3.90469341838825,13.281711261187143,279.30413813730354,14.275602921895995,269.19544922104507,19.773833685197957,223.4154649964821,18.575810453706428,223.4154649964821,18.575810453706428,-0.7071067811865477,0.7071067811865474,0.0,1.0,21,0
1,2022-07-04 22:00:00,252.67869620672266,4.823322020226339,8.532859027125106,154.958552761467,13.49660901037479,175.7037065265263,20.833493535153337,208.17370823272142,17.09784710900506,216.22880660984507,17.00711739591277,-0.5000000000000004,0.8660254037844384,0.0,1.0,22,0
1,2022-07-04 23:00:00,134.1497573595418,4.413995595634367,9.187679220484604,147.43213137465295,17.551656861540057,217.81721558355514,14.195744385981103,180.06551364654953,15.670741020660955,185.30346746055184,15.799718004430142,-0.2588190451025215,0.965925826289068,0.0,1.0,23,0
1,2022-07-05 00:00:00,75.5174941230343,4.37216673858717,9.1681546970663,116.53863729354748,18.15156270442032,134.81954154789645,15.25436447153653,121.43323762956041,15.485954463508815,138.65971073077614,16.366221463208134,0.0,1.0,0.7818314824680298,0.6234898018587336,0,1
1,2022-07-05 01:00:00,123.66934400006524,5.745344742848169,12.068281901526815,149.02174273371787,27.90770162469972,121.22374954520298,18.15074000198041,131.7627511068399,17.663150957785753,143.82771815665274,18.53487309666783,0.2588190451025207,0.9659258262890684,0.7818314824680298,0.6234898018587336,1,1
1,2022-07-05 02:00:00,183.73517655589004,6.3397352409932894,16.76862937907294,209.22226613829034,28.543111531763305,127.32674762922856,18.79547460033674,178.34028519711939,18.410635358535373,178.6382228415049,18.245747827971815,0.4999999999999999,0.8660254037844387,0.7818314824680298,0.6234898018587336,2,1
1,2022-07-05 03:00:00,215.2186562394074,4.71462392457493,24.238165510181286,173.62397701527422,18.4223504704826,194.16714542530354,24.44714443975174,185.1123958337122,25.0153494998954,185.6792428327689,21.26157077651599,0.7071067811865476,0.7071067811865476,0.7818314824680298,0.6234898018587336,3,1
1,2022-07-05 19:00:00,122.4832587109067,10.305734618198,19.391671280941793,186.61515078372975,24.339903770077786,116.3546197486472,31.49134529307918,120.96512840665586,30.29167988903878,119.7766922594697,29.785235407458266,-0.9659258262890684,0.2588190451025203,0.7818314824680298,0.6234898018587336,19,1
1,2022-07-05 20:00:00,145.72585695588788,6.804150916170496,16.199318224830456,174.16054488782112,21.376415610739038,120.4703300969053,26.395157463398075,137.27402196732456,25.122014691088403,135.768337443515,24.896477339168467,-0.8660254037844386,0.5000000000000001,0.7818314824680298,0.6234898018587336,20,1
1,2022-07-05 21:00:00,131.77512063366513,7.568285886114334,14.043906545719928,152.64901458906988,20.8901866244854,151.00407015292546,15.691050084603749,142.63924103611186,18.34818350845473,142.63924103611186,18.34818350845473,-0.7071067811865477,0.7071067811865474,0.7818314824680298,0.6234898018587336,21,1
1,2022-07-05 22:00:00,123.00650012176666,5.611071942770697,10.748678517909815,175.29588148297194,17.03952449987108,240.43730027305926,22.24681380418595,184.73651050275316,18.866023826380893,183.30149552494655,17.661676978336466,-0.5000000000000004,0.8660254037844384,0.7818314824680298,0.6234898018587336,22,1
1,2022-07-05 23:00:00,183.65677808083035,5.350359590198302,10.063303293351222,215.9340618142886,24.36489937142413,143.3159380324816,16.823408118697294,168.8419052037584,16.01665674574037,172.3629099185357,16.395182899535172,-0.2588190451025215,0.965925826289068,0.7818314824680298,0.6234898018587336,23,1
1,2022-07-06 00:00:00,197.24597004611354,5.534194446353024,12.279530747549448,226.00834093919028,20.333376920888007,240.82600786606588,17.644203503330466,206.5171776588243,18.208937695474255,220.90582635889078,17.65201068402043,0.0,1.0,0.9749279121818236,-0.2225209339563143,0,2
1,2022-07-06 01:00:00,258.47597896884673,7.514674908286992,17.661269175596825,186.61725031119903,10.839836159461111,204.90171932856953,20.951719189532064,215.19927204724226,23.046165721559362,199.38676447263668,22.21472021924828,0.2588190451025207,0.9659258262890684,0.9749279121818236,-0.2225209339563143,1,2
1,2022-07-06 02:00:00,181.95775963414843,4.7124779637437,11.355362399017405,203.51477869578937,25.706379219003235,194.94659426775587,22.956444012096945,189.61477090759848,18.991513135190864,179.4971764228382,20.18105662514608,0.4999999999999999,0.8660254037844387,0.9749279121818236,-0.2225209339563143,2,2
1,2022-07-06 03:00:00,163.1665357346946,6.357855193095655,14.539758724294725,172.78255346883785,31.474768448726838,201.52215715356272,20.843513408777923,204.26132419167664,21.721114246025227,199.90597021853375,19.757280597971853,0.7071067811865476,0.7071067811865476,0.9749279121818236,-0.2225209339563143,3,2
1,2022-07-06 04:00:00,93.61851329653938,6.1033333333333335,22.863333333333333,110.91872326725664,15.111046531212518,182.85654947343053,16.25733939147713,157.49098853774728,22.634435353397002,155.80258480856315,22.864112647354176,0.8660254037844386,0.5000000000000001,0.9749279121818236,-0.2225209339563143,4,2
1,2022-07-06 19:00:00,58.478257071156236,7.041285713667914,15.20797036338511,201.05039703652162,24.825893214724285,237.3501628017885,18.71856241043685,152.61084000880712,21.685911501045428,160.50321117843632,23.339458796998148,-0.9659258262890684,0.2588190451025203,0.9749279121818236,-0.2225209339563143,19,2
1,2022-07-06 20:00:00,115.00167078815934,6.02061022500897,13.050475452254473,120.35211319936852,24.21892956723646,66.81501586430697,16.147001231726982,115.91296443980094,19.107569431265546,151.5486745644001,19.71478783664788,-0.8660254037844386,0.5000000000000001,0.9749279121818236,-0.2225209339563143,20,2
1,2022-07-06 21:00:00,130.90449569261713,8.30948898523145,10.155879452053231,104.2088418029236,23.254607695812656,87.38217247733483,23.1299661816372,111.19192996250133,21.45418135899992,130.92501274852563,22.602184097131765,-0.7071067811865477,0.7071067811865474,0.9749279121818236,-0.2225209339563143,21,2
1,2022-07-06 22:00:00,123.02439944970385,7.7703428206472696,11.487197209591406,155.7742245284153,22.440327407280314,157.71674874775854,21.698462101281073,149.04521508166152,20.22227865226445,163.01343071743946,20.91216739851361,-0.5000000000000004,0.8660254037844384,0.9749279121818236,-0.2225209339563143,22,2
1,2022-07-06 23:00:00,157.9655035236681,7.873430187002445,13.497903970213345,180.36214343788572,20.807685897450842,154.53111861274164,19.22221140821505,167.31672761575135,21.476628012389085,177.6176169249364,20.34861825223129,-0.2588190451025215,0.965925826289068,0.9749279121818236,-0.2225209339563143,23,2
1,2022-07-07 00:00:00,230.45614322361104,7.536241482192426,20.64279803166418,270.1236978335986,25.299917773950316,180.88297951482224,24.192248901770114,196.7290974441032,23.739495314732753,172.09341476433264,24.356011022442438,0.0,1.0,0.4338837391175582,-0.900968867902419,0,3
1,2022-07-07 01:00:00,174.9753022080212,5.742939184928631,17.326617180415408,152.77483868309548,27.069051021860975,186.894413248238,25.33937501586939,173.01286702323472,23.839297600315785,184.52813562609407,22.42908220599615,0.2588190451025207,0.9659258262890684,0.4338837391175582,-0.900968867902419,1,3
1,2022-07-07 02:00:00,190.6201343791092,5.954233848179379,16.861921928951798,280.54011180483593,33.698378559834474,163.51987875679123,16.730722178227257,183.50594453857641,20.248448871199717,189.77900010706196,20.209142288060892,0.4999999999999999,0.8660254037844387,0.4338837391175582,-0.900968867902419,2,3
1,2022-07-07 03:00:00,253.5875739330912,10.857461236294569,33.29557458585974,131.921114119116,22.165675168724817,159.2318687833011,22.24580786011014,171.14238630235735,26.80452007964094,163.01720500967286,24.75012739975372,0.7071067811865476,0.7071067811865476,0.4338837391175582,-0.900968867902419,3,3
1,2022-07-07 19:00:00,154.6062165324422,7.859420200898623,20.440410675877363,187.41446030964076,17.94121947799399,249.19423836348128,35.573018031338485,199.90762933921386,28.706476259150328,179.84068887344796,25.228799175641903,-0.9659258262890684,0.2588190451025203,0.4338837391175582,-0.900968867902419,19,3
1,2022-07-07 20:00:00,170.88947574122926,8.708518270699608,16.914628766841645,173.53627248643332,22.216579631930312,157.8596009509259,32.572393933356786,162.3418064181191,25.562245904373444,154.00764705029735,25.58949811321581,-0.8660254037844386,0.5000000000000001,0.4338837391175582,-0.900968867902419,20,3
1,2022-07-07 21:00:00,156.1123027316091,7.5291758782414036,13.053681124262496,226.1081501476877,19.380925393155085,176.16523176622806,23.922409601848898,164.38785075509736,23.983478544481034,167.65397922283293,21.184957554619764,-0.7071067811865477,0.7071067811865474,0.4338837391175582,-0.900968867902419,21,3
1,2022-07-07 22:00:00,195.33085844093722,5.971842874250479,14.245648463116218,207.4084762445994,24.315850565938266,156.98354773309117,21.446001541097413,177.88948336968008,20.657243628208427,167.47520734593297,20.398047749147644,-0.5000000000000004,0.8660254037844384,0.4338837391175582,-0.900968867902419,22,3
1,2022-07-07 23:00:00,195.85048556827587,7.746133317086318,15.947868462421377,224.78202399054126,23.79891382883807,210.7232556149573,19.445824993821446,192.69254606273626,21.06631209321001,178.7485881962166,20.095538451327606,-0.2588190451025215,0.965925826289068,0.4338837391175582,-0.900968867902419,23,3
1,2022-07-08 00:00:00,194.56346627835492,8.41379935554972,18.313318410578407,186.13553514513424,22.23852335867003,187.52956680860353,24.205627146177065,192.37854917625725,25.28047736939231,165.00174170577148,24.436958533322223,0.0,1.0,-0.433883739117558,-0.9009688679024191,0,4
1,2022-07-08 01:00:00,194.14388623919524,6.452882847504691,13.793438660580287,135.96413188218636,26.904683035226853,189.22589261082624,28.85345494444866,187.59795536099895,24.308581456363626,160.90042193928616,23.82240158059827,0.2588190451025207,0.9659258262890684,-0.433883739117558,-0.9009688679024191,1,4
1,2022-07-08 02:00:00,171.2396065753853,4.1951202625656885,13.391584614618395,191.88780840990273,26.421854304852662,167.11477615006189,28.231615166570876,191.4913829547288,25.615460680275095,163.91047857508934,24.16006051373874,0.4999999999999999,0.8660254037844387,-0.433883739117558,-0.9009688679024191,2,4
1,2022-07-08 03:00:00,191.12198729925305,5.405316219889246,23.18563175192182,161.7710600760307,16.787354095679884,232.62504535674688,16.20840679876789,200.06957841664817,23.74151786726307,203.1196805358225,23.359879607482537,0.7071067811865476,0.7071067811865476,-0.433883739117558,-0.9009688679024191,3,4
1,2022-07-10 19:00:00,105.77268630927523,10.27888269583893,16.62584490271179,119.79954630904084,27.473367911109538,230.558481546118,35.94310611240321,182.54719472887174,28.680998530613863,203.8541469658406,28.58180699093526,-0.9659258262890684,0.2588190451025203,-0.7818314824680299,0.6234898018587334,19,6
1,2022-07-10 20:00:00,159.48885833114113,7.7550356995339005,14.472184350225271,158.81680060376826,25.968394180305275,173.34896002998877,19.553556608009245,171.60463916574625,20.68314873885101,170.10212931679052,20.855023476233825,-0.8660254037844386,0.5000000000000001,-0.7818314824680299,0.6234898018587334,20,6
1,2022-07-10 21:00:00,157.935720159468,8.050235284325948,16.334966635300802,211.30093021417778,20.278424363864993,175.68346001739636,21.252359424983077,164.9825821159353,23.069375587431235,158.4906848425188,23.697120512793216,-0.7071067811865477,0.7071067811865474,-0.7818314824680299,0.6234898018587334,21,6
1,2022-07-10 22:00:00,149.20113669351386,7.590246646935475,11.848503796991539,196.62411738202414,21.680384310972638,180.49450877020308,22.740452332771724,181.5931792469852,20.877441784574536,181.76919276994838,21.105884872562417,-0.5000000000000004,0.8660254037844384,-0.7818314824680299,0.6234898018587334,22,6
1,2022-07-10 23:00:00,178.15397231551606,5.14458949884565,10.847291936098218,298.1158009589331,16.83280265419948,161.77067105654646,20.411445282841438,182.36218383672946,19.66605132713292,181.99415499992958,19.48784246536395,-0.2588190451025215,0.965925826289068,-0.7818314824680299,0.6234898018587334,23,6
1,2022-07-11 00:00:00,296.65481696539086,4.970966717259719,13.316893848467846,186.14185428055117,17.75746830727611,178.6818376879997,14.997454754036225,214.86141563490716,17.810777186297933,197.40215603615198,19.36898493959045,0.0,1.0,0.0,1.0,0,0
1,2022-07-11 01:00:00,240.96935016914404,4.912200487440206,13.459705083289224,174.49846872802578,23.35550316658316,288.81888813343886,20.795271797917607,239.2063444522218,20.581786045213708,187.6899962008896,22.478108953076237,0.2588190451025207,0.9659258262890684,0.0,1.0,1,0
1,2022-07-11 02:00:00,123.63068049603774,6.80489808476232,14.834364578227877,184.79897734005837,35.90343496528878,199.6587329018013,19.095593239497468,182.9379801368324,19.874006706898694,189.54902679797542,20.903790196383408,0.4999999999999999,0.8660254037844387,0.0,1.0,2,0
1,2022-07-11 03:00:00,266.14314391218255,9.060733652904453,33.67883733170484,155.31225413175744,20.66168947286567,141.421536876978,17.184725454082308,210.6696154286699,26.251233030281796,212.7142177975011,22.366543924478442,0.7071067811865476,0.7071067811865476,0.0,1.0,3,0
1,2022-07-11 19:00:00,80.61556233379913,8.44264580571214,15.064724579976955,100.3526561407089,19.122938654066157,201.1931170447454,36.988429083074834,149.0021266484928,25.395189828797868,157.97914697571625,22.981378937966895,-0.9659258262890684,0.2588190451025203,0.0,1.0,19,0
1,2022-07-11 20:00:00,149.69766424968878,7.1749001312272025,10.206263875452363,181.44125039155634,20.637325469716508,161.94604009154418,23.893923967263614,149.1554829201224,21.52161188900153,175.26238502460248,18.8869451202887,-0.8660254037844386,0.5000000000000001,0.0,1.0,20,0
1,2022-07-11 21:00:00,252.0088526924698,5.588091795195045,11.96781389502856,230.24113629164904,23.199205220695212,212.31719812273042,17.22046183656783,228.05892637118404,17.870081442630042,219.27803765693346,17.98395583484318,-0.7071067811865477,0.7071067811865474,0.0,1.0,21,0
1,2022-07-11 22:00:00,135.6620230776844,8.947300729584798,15.675650804637327,163.67304290844336,22.019878524176573,159.19753767074508,18.00641387899422,151.59575834762958,23.211852217177846,149.89353383374046,19.987413612063033,-0.5000000000000004,0.8660254037844384,0.0,1.0,22,0
1,2022-07-11 23:00:00,136.33913124719953,5.926657684458673,12.02714754269907,158.85096209315543,16.97006955729005,165.2841263693795,27.71592234533914,165.7482377154459,21.114883002707362,177.36454762715053,20.738106428090056,-0.2588190451025215,0.965925826289068,0.0,1.0,23,0
1,2022-07-12 00:00:00,126.17346214043484,6.16790190344051,10.82627797693761,135.71850381270235,22.695653966209704,161.3940018256462,20.940477983923074,156.9939824173308,21.049994216721597,170.7592028553996,19.116703603679113,0.0,1.0,0.7818314824680298,0.6234898018587336,0,1
1,2022-07-12 01:00:00,96.58016196333942,7.562283654016696,14.072006631127467,134.65699164289347,25.547369681505106,94.7315881348192,21.694726009035055,120.08537798707997,22.26002231368309,127.94073010022667,22.134686754614645,0.2588190451025207,0.9659258262890684,0.7818314824680298,0.6234898018587336,1,1
1,2022-07-12 02:00:00,151.7671530634483,6.33127795257092,14.240263762317836,183.86169549323745,35.24358899705508,127.294359876046,12.829619643429012,143.14778994241905,19.992726957342597,155.70373599780146,20.787845595265672,0.4999999999999999,0.8660254037844387,0.7818314824680298,0.6234898018587336,2,1
1,2022-07-12 03:00:00,194.53318805877362,6.23272829607716,26.070758135013822,154.5152699706944,18.98560473555372,153.547909717991,18.351761693712906,170.46513999291705,20.284829522938377,174.58442809533722,23.080367468520045,0.7071067811865476,0.7071067811865476,0.7818314824680298,0.6234898018587336,3,1
1,2022-07-12 19:00:00,174.33579443079444,4.645716017316017,18.0277113997114,208.82718215723617,32.616314686066616,139.44626642964877,39.06156422014528,177.1638981601423,28.835085767932583,213.24015990474555,30.573487068280578,-0.9659258262890684,0.2588190451025203,0.7818314824680298,0.6234898018587336,19,1
1,2022-07-12 20:00:00,67.48932555889445,11.299898425389573,20.937200448255677,132.79274026397673,37.16396954121176,245.7334198460853,18.89145637153012,172.92624308797514,26.406283812164553,175.94310532252325,24.963802450190116,-0.8660254037844386,0.5000000000000001,0.7818314824680298,0.6234898018587336,20,1
1,2022-07-12 21:00:00,45.85514403292181,11.478494623655914,26.881648745519712,200.38999413145535,31.625990106688864,120.15375207296847,30.244684858811542,300.2502906266852,31.353800681381056,244.59596668029545,28.5781244100994,-0.7071067811865477,0.7071067811865474,0.7818314824680298,0.6234898018587336,21,1
1,2022-07-12 22:00:00,139.52836942393486,10.233844682486406,22.53463695338838,156.3948423068065,29.10344278556897,136.97786560637687,36.257899173756165,143.38270870401306,30.12001393838552,163.44236045200986,28.206078129480996,-0.5000000000000004,0.8660254037844384,0.7818314824680298,0.6234898018587336,22,1
1,2022-07-12 23:00:00,134.6768789653745,8.045806014066047,12.835204845838513,231.1629766654986,22.939655602279625,159.9049063471601,25.218760115423564,147.48093663403287,25.17709092702312,164.6893700607522,24.084242091643944,-0.2588190451025215,0.965925826289068,0.7818314824680298,0.6234898018587336,23,1
1,2022-07-13 00:00:00,143.93325141422042,8.21982478143516,20.894553256225482,178.71811367927106,36.65691171380772,162.0941142611112,23.55595407150032,156.76371518531397,25.70040845914724,169.2848142653975,24.258645090467056,0.0,1.0,0.9749279121818236,-0.2225209339563143,0,2
1,2022-07-13 01:00:00,276.0461348931539,7.428593157754484,21.020440568426412,134.3033301112712,18.911801659227464,98.33689968022061,40.61850161733011,161.17558663664772,34.389410679039855,165.19822612190447,29.08391356212181,0.2588190451025207,0.9659258262890684,0.9749279121818236,-0.2225209339563143,1,2
1,2022-07-13 02:00:00,215.5032793901835,8.119321138139494,23.426892214296746,211.99817480908365,33.829377119060716,186.41321559905288,29.597253879183167,184.99790890872234,28.759464857656486,174.86426206392204,26.545114449592976,0.4999999999999999,0.8660254037844387,0.9749279121818236,-0.2225209339563143,2,2
1,2022-07-13 03:00:00,284.9560811501922,7.253813809767929,29.444131180952457,192.52843379971083,18.68687981669015,228.43491449718846,21.831560195113738,233.9124707692066,26.61411492728679,195.08927011269603,23.574838061374322,0.7071067811865476,0.7071067811865476,0.9749279121818236,-0.2225209339563143,3,2
1,2022-07-13 19:00:00,135.8553699456209,6.289946169901527,21.105761912194946,183.74415159829175,26.642459914434525,282.70159859145446,44.43163062812175,243.04147166569777,35.3803369131198,227.52655004212593,30.2421195204742,-0.9659258262890684,0.2588190451025203,0.9749279121818236,-0.2225209339563143,19,2
1,2022-07-13 20:00:00,129.76121903578087,8.034885797149315,16.491358798228514,227.61321514340364,20.29778627398334,91.76130222787543,30.841125718543754,98.94258172029689,27.19698326139207,90.15979096393603,25.361981346133017,-0.8660254037844386,0.5000000000000001,0.9749279121818236,-0.2225209339563143,20,2
1,2022-07-13 21:00:00,285.0837058636477,5.993144584697626,15.218466806262299,305.94358239669174,21.280749971177965,136.99544217951905,24.95984521762612,196.9578100186868,26.252765748545237,164.78515730155334,27.29122501249022,-0.7071067811865477,0.7071067811865474,0.9749279121818236,-0.2225209339563143,21,2
1,2022-07-13 22:00:00,202.0764118160462,6.478061616945074,14.089227395198618,211.37283472909857,21.718649817587995,224.81272438767107,27.464050096711006,217.53866598778566,24.277915891893432,199.22918865729343,24.507307210661438,-0.5000000000000004,0.8660254037844384,0.9749279121818236,-0.2225209339563143,22,2
1,2022-07-13 23:00:00,159.89958645128561,7.2656182776596046,14.231936888990154,235.94189177135704,22.564565285743374,185.67036572076208,22.582703523572942,192.02093170312043,24.62082307108642,175.85823971320121,24.944132760621617,-0.2588190451025215,0.965925826289068,0.9749279121818236,-0.2225209339563143,23,2
1,2022-07-14 00:00:00,243.10925394232498,6.009548033765621,13.9069118435933,260.5209334366033,26.264002836716774,196.77756311915059,19.103780145484098,227.54100285175628,21.028677890580177,211.35777752630287,22.556746418412633,0.0,1.0,0.4338837391175582,-0.900968867902419,0,3
1,2022-07-14 01:00:00,291.7236012339593,8.33255103897471,17.937099681195793,200.97945437354042,27.845500290818766,269.4621178051021,26.61557004722456,254.08587634591044,24.11287397177532,239.54271043009473,27.562813985890536,0.2588190451025207,0.9659258262890684,0.4338837391175582,-0.900968867902419,1,3
1,2022-07-14 02:00:00,200.41761448437256,7.273175102184048,16.171711817011463,262.9668557552665,27.42080965326382,236.74536915733978,20.72328493908915,231.07369071344664,23.029522057341826,227.6498447816663,23.617260489227075,0.4999999999999999,0.8660254037844387,0.4338837391175582,-0.900968867902419,2,3
1,2022-07-14 03:00:00,236.90278584309976,6.856346427528132,21.250951549757325,205.05996258036083,11.17198983290146,187.12317295264842,22.937891626517512,209.71981046377596,24.967538330676014,213.00209343765067,24.680922979124766,0.7071067811865476,0.7071067811865476,0.4338837391175582,-0.900968867902419,3,3
1,2022-07-14 19:00:00,155.90421128315828,5.038409209346098,7.510312236835756,209.81673545995284,25.771042177735964,229.94819232626097,31.60359412954072,196.85219763016804,24.167893567530708,198.99910392820536,27.611379666901723,-0.9659258262890684,0.2588190451025203,0.4338837391175582,-0.900968867902419,19,3
1,2022-07-14 20:00:00,220.06561216534797,8.441063236656289,16.451370511297416,225.62784821627199,23.144800921717678,140.35927705319838,24.76325650169517,165.03055892721696,26.501140278050197,164.9687325356972,28.49422098906178,-0.8660254037844386,0.5000000000000001,0.4338837391175582,-0.900968867902419,20,3
1,2022-07-14 21:00:00,220.95639749625576,8.471841906341353,14.687151568430846,241.53412181064527,27.038979055401843,213.44869386352173,23.801482979980324,194.76257769842996,23.697424651043608,181.99052950363458,25.974040423867375,-0.7071067811865477,0.7071067811865474,0.4338837391175582,-0.900968867902419,21,3
1,2022-07-14 22:00:00,216.14063453226845,5.844249994423659,14.048074547122022,179.05580547066893,19.58201420814133,217.24663091202828,17.359888392062313,221.00219957678232,18.176055489366185,199.14860766259162,20.094828268303704,-0.5000000000000004,0.8660254037844384,0.4338837391175582,-0.900968867902419,22,3
1,2022-07-14 23:00:00,161.64178630231885,5.258442902033436,14.15052129032632,214.044798684004,15.088097752931436,235.4274240333555,20.28970153656132,213.02080651431572,19.561961988713072,204.61074463677213,20.639009230794247,-0.2588190451025215,0.965925826289068,0.4338837391175582,-0.900968867902419,23,3
1,2022-07-15 00:00:00,249.09353449720584,8.75840011584345,10.951695590574724,238.00886998741947,30.85085205230991,179.9114900283271,20.084117910185643,222.6332957607065,22.960774140560787,212.208813578701,23.372882166053735,0.0,1.0,-0.433883739117558,-0.9009688679024191,0,4
1,2022-07-15 01:00:00,184.0695802892401,7.737080963738335,16.233604656847017,192.32319935186771,21.50635514834328,210.423570105817,14.69173302590502,211.2447662786923,19.4276888478623,194.8921616769162,22.237903615723503,0.2588190451025207,0.9659258262890684,-0.433883739117558,-0.9009688679024191,1,4
1,2022-07-15 02:00:00,213.747958028862,3.9614717206596737,14.681809365626302,201.2848211793824,18.659379624984208,199.17790916525732,18.924080490482588,216.7559176306068,16.726084308765365,222.835490699189,18.52723919114928,0.4999999999999999,0.8660254037844387,-0.433883739117558,-0.9009688679024191,2,4
1,2022-07-17 19:00:00,203.0997977476223,8.875359693647045,15.871231052515434,277.97580284501,27.193631300118174,269.3451304882655,24.164953725188113,244.6770366436394,25.78033511755283,223.36862444087916,24.77453239712639,-0.9659258262890684,0.2588190451025203,-0.7818314824680299,0.6234898018587334,19,6
1,2022-07-17 20:00:00,173.6271582489965,10.355240220810616,21.186170862231688,232.72697689517742,26.791808235815306,204.76557969967018,25.279563020760854,220.13497396813,26.33378827442885,192.2759270278217,23.761935665293027,-0.8660254037844386,0.5000000000000001,-0.7818314824680299,0.6234898018587334,20,6
1,2022-07-17 21:00:00,298.4578691015491,7.046098066081479,19.69297430555814,305.94358239669174,25.54439379879412,227.4364188917899,31.857803358388214,271.8260711887548,29.029326285549423,236.44473844270735,26.79429587648168,-0.7071067811865477,0.7071067811865474,-0.7818314824680299,0.6234898018587334,21,6
1,2022-07-17 22:00:00,190.4402687375498,7.5549656010926505,15.587121756723937,254.22384635275066,23.264355708907768,226.4002937736769,19.028026255369085,200.6424784452253,21.48473842240583,220.81851273168783,20.994509798873008,-0.5000000000000004,0.8660254037844384,-0.7818314824680299,0.6234898018587334,22,6
1,2022-07-17 23:00:00,236.82999407588505,5.284535281080849,16.157605857543494,305.94358239669174,18.369674246602575,238.42016690611237,20.560304152856705,236.48857806008394,20.920266165900756,241.09081206726702,20.084596115223814,-0.2588190451025215,0.965925826289068,-0.7818314824680299,0.6234898018587334,23,6
1,2022-07-18 00:00:00,250.24932526152924,9.448328418408167,11.877519671654506,225.92849000376538,23.566618967807315,232.90310930737084,24.50337224284296,249.50007010281755,21.66957357168833,225.62476629262386,22.21015167764824,0.0,1.0,0.0,1.0,0,0
1,2022-07-18 01:00:00,264.13804586230265,5.211888360834456,12.848031085993586,197.19462275467774,30.366636103310828,228.3422084519455,21.486006476601585,253.89237800269325,20.194810219854315,249.84877783911938,20.641164037226265,0.2588190451025207,0.9659258262890684,0.0,1.0,1,0
1,2022-07-18 02:00:00,183.21602326527608,8.843342607103152,21.34385316676016,198.9413314619151,32.33374291501195,282.03831844355574,18.272097697517665,233.9506202568268,23.508673978292993,232.0497704061255,21.582458005434674,0.4999999999999999,0.8660254037844387,0.0,1.0,2,0
1,2022-07-18 03:00:00,195.86715063015802,8.233307876056355,25.817344242365294,146.6532502662275,25.875130073033166,195.48351824155705,33.87639522077938,239.329650666823,29.39815629743556,233.02887431161176,25.809521073139443,0.7071067811865476,0.7071067811865476,0.0,1.0,3,0
1,2022-07-18 19:00:00,122.11388807878197,9.772064321475275,22.30241164392971,236.14804807152885,30.01015841305339,223.4811296484076,32.25215164825812,175.47742606525426,31.681703301599317,191.83650592438275,27.42414704190113,-0.9659258262890684,0.2588190451025203,0.0,1.0,19,0
1,2022-07-18 20:00:00,170.34275247463478,14.9592395726125,15.834365861358286,149.795520438113,30.500268816772845,158.90563847439904,33.77304984632485,186.4468422665301,26.118034743559107,150.51565579885488,22.500769001971477,-0.8660254037844386,0.5000000000000001,0.0,1.0,20,0
1,2022-07-18 21:00:00,235.53034043168418,9.586117858059238,16.65735539144111,156.07894187540143,19.765839064199586,150.74573284516813,38.61014411481722,175.06114435177315,31.12083014068021,152.22674295701157,25.011631354869802,-0.7071067811865477,0.7071067811865474,0.0,1.0,21,0
1,2022-07-18 22:00:00,147.37426229292026,7.8018402563297276,17.150486622401182,191.05819670270557,21.314713006409676,162.50302853204093,20.167043516527468,181.8327733996915,25.079095835931817,182.48196132017424,22.26736929841111,-0.5000000000000004,0.8660254037844384,0.0,1.0,22,0
1,2022-07-18 23:00:00,189.55908838007417,5.893200865233713,12.342488955012483,149.48153970855648,21.747708526134748,169.0773429136937,25.635878016535045,184.649876191909,21.035576002118727,192.76002928254528,21.22325508031053,-0.2588190451025215,0.965925826289068,0.0,1.0,23,0
1,2022-07-19 00:00:00,121.5620356748916,9.059726708170336,16.064727050422093,120.34917739497233,14.663657746952948,236.43062436307258,22.070654395001927,169.54681034177858,25.89059134862924,167.45811561215163,22.80739680406625,0.0,1.0,0.7818314824680298,0.6234898018587336,0,1
1,2022-07-19 01:00:00,158.17690671154764,8.90308552529062,13.399836920151378,189.22289079288336,23.865501083714797,158.62979731405463,23.93359087895928,176.36938168721412,25.78780536914182,201.0780375140077,24.69526543947988,0.2588190451025207,0.9659258262890684,0.7818314824680298,0.6234898018587336,1,1
1,2022-07-19 02:00:00,196.65018993881296,6.163482502194048,14.275041396125111,161.51642531891304,29.620350416633215,157.97230747829045,20.55118729335881,177.68184682347754,21.13543959563947,195.63299813101668,23.420344217347733,0.4999999999999999,0.8660254037844387,0.7818314824680298,0.6234898018587336,2,1
1,2022-07-19 19:00:00,114.54830732700137,10.580950757575758,29.485625946969698,99.83866494772735,28.5267453280354,241.88664737048666,44.3874948266069,231.6181354140236,38.71231622270405,244.90922979420776,32.19369126419635,-0.9659258262890684,0.2588190451025203,0.7818314824680298,0.6234898018587336,19,1
1,2022-07-19 20:00:00,193.85240084951516,6.090772925477382,16.525669423791737,204.41400261019527,26.722532879286167,142.0208059974851,19.47994529061625,196.5991891515505,23.74933491203725,231.25292177802433,22.331879503659795,-0.8660254037844386,0.5000000000000001,0.7818314824680298,0.6234898018587336,20,1
1,2022-07-19 21:00:00,175.63376289635087,9.998130303426148,18.81140918734282,221.32759288882653,26.466934071346284,272.3305500706567,16.958623134055735,200.38199361100763,20.754180256088407,199.4549134396139,20.96858406355524,-0.7071067811865477,0.7071067811865474,0.7818314824680298,0.6234898018587336,21,1
1,2022-07-19 22:00:00,173.1360253772073,8.561928251355072,17.666535343520486,179.40190583698958,20.554280526620786,187.19083895674186,21.471720199309978,187.43972850555537,23.883284373830204,190.7546395356246,22.405410113813222,-0.5000000000000004,0.8660254037844384,0.7818314824680298,0.6234898018587336,22,1
1,2022-07-19 23:00:00,238.58726649632484,7.181340462255959,16.26099374656657,239.82006236643292,22.32916865367711,215.36321531367307,32.15258479444391,229.5495793061165,28.264800487090756,222.2840043068657,24.836535474471795,-0.2588190451025215,0.965925826289068,0.7818314824680298,0.6234898018587336,23,1
1,2022-07-20 00:00:00,203.98042590790408,6.308480697972163,11.960510132335173,178.1161178213531,19.977333685561423,176.37882041423708,29.237148557396196,199.63100739694138,24.594616708910323,197.14367305541967,23.250146458181167,0.0,1.0,0.9749279121818236,-0.2225209339563143,0,2
1,2022-07-20 01:00:00,188.2455430316476,9.457754088212264,19.472200111444458,233.35986430409955,30.274869797154597,212.83899851294817,21.260124578589807,191.21424202510676,26.292879192794377,198.42575344972727,27.384334308164753,0.2588190451025207,0.9659258262890684,0.9749279121818236,-0.2225209339563143,1,2
1,2022-07-20 02:00:00,167.10351422705938,4.494260064978951,16.9652578800692,227.02648190632647,34.00083859628606,163.09870017382792,26.311306876258246,171.103325517687,23.287389082578294,170.92313130005638,24.502033103169083,0.4999999999999999,0.8660254037844387,0.9749279121818236,-0.2225209339563143,2,2
1,2022-07-20 03:00:00,240.5468230188401,9.027313612114629,25.790450356454553,150.13301495962088,22.99289433274605,222.03603990892253,26.173550872171152,210.9230590370315,28.59335992915873,190.56949916430997,25.41644575320652,0.7071067811865476,0.7071067811865476,0.9749279121818236,-0.2225209339563143,3,2
1,2022-07-20 19:00:00,110.98129131310469,10.865129519893078,16.965218148642457,178.07858346395568,19.743429487224446,245.77211061366384,28.90230538458367,199.7680741862061,27.20024153785633,231.04077603516146,26.522936523343564,-0.9659258262890684,0.2588190451025203,0.9749279121818236,-0.2225209339563143,19,2
1,2022-07-20 20:00:00,204.99102578956519,5.045760322211306,12.400830159323753,203.4534177877908,20.826698894201357,95.49503380008026,33.82291849008075,205.6213299529364,24.877684009406618,246.57943807430738,23.24894433721986,-0.8660254037844386,0.5000000000000001,0.9749279121818236,-0.2225209339563143,20,2
1,2022-07-20 21:00:00,123.86247141179233,9.702577890492453,14.189689036324824,191.33600011765867,24.803393156693595,197.32049716485773,36.27327260278193,174.9413912352059,32.08928256931915,209.34741323486034,30.130814995916012,-0.7071067811865477,0.7071067811865474,0.9749279121818236,-0.2225209339563143,21,2
1,2022-07-20 22:00:00,170.22428801979285,7.5409593021256285,15.584609218962445,185.07212686904728,22.306602769603302,187.53230958991054,26.460726131603803,187.51876532826248,25.71652063639464,182.06719695827832,23.710987730752834,-0.5000000000000004,0.8660254037844384,0.9749279121818236,-0.2225209339563143,22,2
1,2022-07-20 23:00:00,180.75658297156951,7.136938181261068,17.47455085521222,203.71645349084773,33.36508593596351,168.06796122641796,20.945923168267043,165.47991945419767,26.061147460497725,184.5730235089844,27.564063154414736,-0.2588190451025215,0.965925826289068,0.9749279121818236,-0.2225209339563143,23,2
1,2022-07-21 00:00:00,162.29167423934123,9.192400518864774,21.580525031592348,226.5409524755482,41.115790295671765,216.2880873169088,26.589533088679353,201.26955755061215,27.17542979872464,197.953270975947,27.447234820568717,0.0,1.0,0.4338837391175582,-0.900968867902419,0,3
1,2022-07-21 01:00:00,101.05814037718683,7.161224294080964,16.02653980224561,223.36579996051103,15.070542331587472,174.37627450182717,20.909478296373553,149.98714722009652,21.48124286667323,169.91740021930008,22.94541104801495,0.2588190451025207,0.9659258262890684,0.4338837391175582,-0.900968867902419,1,3
1,2022-07-21 02:00:00,216.92221075702315,4.504672881885187,14.293897249914407,123.51521772853532,29.11943706641111,122.84685823251738,20.4225281930384,187.4105168796046,20.6219775613325,193.04230724677723,24.716315539312106,0.4999999999999999,0.8660254037844387,0.4338837391175582,-0.900968867902419,2,3
1,2022-07-21 03:00:00,124.2,15.75,80.9,111.51666666666668,27.568,270.7214285714286,29.87777777777778,170.5993860694425,48.572319072612665,202.8675171087953,44.374413504560295,0.7071067811865476,0.7071067811865476,0.4338837391175582,-0.900968867902419,3,3
1,2022-07-21 19:00:00,112.5427750761894,12.575139101598415,20.823598474823,166.15640562500442,29.367621825180866,246.92893594158235,29.65280659137909,189.57677515522414,28.74116979138743,179.88399357595767,25.566175311786335,-0.9659258262890684,0.2588190451025203,0.4338837391175582,-0.900968867902419,19,3
1,2022-07-21 20:00:00,198.92649460962818,7.258080944537308,15.396364690609635,291.3786185876763,21.893148081215468,149.1852292998967,28.317107616822142,186.2467190438497,23.74295683366624,193.86011183563127,23.448410142942457,-0.8660254037844386,0.5000000000000001,0.4338837391175582,-0.900968867902419,20,3
1,2022-07-21 21:00:00,254.7208995517328,8.779888083035422,29.450850470522823,217.78102852500362,28.020593180478357,238.3626600706577,31.892440628524778,225.22683084096437,32.245379304647955,216.02215039403154,27.783591130754505,-0.7071067811865477,0.7071067811865474,0.4338837391175582,-0.900968867902419,21,3
1,2022-07-21 22:00:00,190.49842630694414,7.153575166320271,15.775728496597033,278.7880230272661,23.851118773152702,259.68337193007255,24.86125447889131,231.69429237978724,23.79807469935666,211.20406481011497,23.455894804143195,-0.5000000000000004,0.8660254037844384,0.4338837391175582,-0.900968867902419,22,3
1,2022-07-21 23:00:00,229.6425975843489,6.7041302427429645,19.514476226244376,212.74863583206536,21.065453469109013,192.3843996044603,27.166578643783243,217.48776414650027,25.984096160477065,201.8430715971101,24.09545347311278,-0.2588190451025215,0.965925826289068,0.4338837391175582,-0.900968867902419,23,3
1,2022-07-22 00:00:00,169.31051556587832,5.932412336379359,13.308426411071883,177.90065394649756,29.804073546308995,208.84083273178405,21.545522900306143,174.63512581289677,21.554562674223483,184.48949179317995,22.94344177044527,0.0,1.0,-0.433883739117558,-0.9009688679024191,0,4
1,2022-07-22 01:00:00,126.49707569489988,7.476841897746336,20.449202952208942,199.22532682696317,27.992722181908142,122.26421494591426,16.943826637741587,162.997506877565,22.854164990887917,181.31101453258037,21.684990125113316,0.2588190451025207,0.9659258262890684,-0.433883739117558,-0.9009688679024191,1,4
1,2022-07-22 02:00:00,285.8677838698884,8.20490615784627,16.076839420058025,292.6383035217248,24.82930153245351,98.13670664171701,21.42805111419229,178.154237619203,22.549311660459963,185.46172362082064,21.78283464705918,0.4999999999999999,0.8660254037844387,-0.433883739117558,-0.9009688679024191,2,4
