square_id,latitude,longitude,mean_latency,std_latency,median_latency,mean_throughput,std_throughput,median_throughput,mean_transfer,mean_ul_dl_ratio,mean_speed,observation_count
square_103079215126,-37.72909184854015,144.74964435036497,85.89429744525548,65.1024478692162,63.95,36.62815693430657,17.734205065940998,37.25,4.364609089872263,0.6732258577858188,36.27703345255475,548
square_103079215128,-37.72497992682927,144.7595443902439,127.49756097560974,94.82871792818061,107.75,30.063658536585365,8.911778654145746,31.3,3.583170731707317,0.15719383359575112,40.79806936585366,41
square_103079215130,-37.725475459016394,144.76735557540985,181.57790983606557,121.10200231131442,168.25,26.073890176741802,16.043605055350955,23.55,3.107193423411885,0.38136390159509087,16.088308819672132,610
square_103079215132,-37.726336640616964,144.77274778868895,134.2611825192802,117.5462470754938,81.15,29.696043942802056,18.3730387488686,25.59,3.5387028839974293,0.701505142409673,12.29841690899743,1945
square_103079215134,-37.72790836720668,144.7804424513173,88.90401530027819,86.79311279273143,56.875,30.054468990345278,14.969432930711914,29.09,3.5809048040930285,0.9247183567308312,18.61130017542137,6111
square_103079215136,-37.72972654226268,144.78771040832248,34.496165474642396,18.857034311022513,31.049999999999997,28.899292239820383,11.904955026686387,27.935000000000002,3.4430168034785438,1.357865911484428,12.927141828348505,3076
square_103079215138,-37.72833735505698,144.79491077706552,41.31176905270655,30.262710477024378,33.875,36.69025998542112,17.716190286456513,32.5,4.371609891799101,0.9743942482740281,11.369178032763532,5616
square_103079215140,-37.728351961286904,144.8012010266926,51.87939013611455,45.76115978697212,39.05,41.09823051087149,20.518217681426076,37.9,4.8972441154211594,0.6495258176854017,8.685978214601379,5657
square_103079215142,-37.72957558179756,144.80951413751063,84.22699213212363,81.54181783834548,51.825,34.31388458122165,16.69250401213909,32.6,4.088761563973012,0.6607526649107799,10.680468247235613,7054
square_103079215144,-37.729986925747355,144.8154009358727,167.37689247830278,124.73085206673211,115.0,28.66324438641363,16.527409026869673,26.93,3.415579126518051,0.568244720464435,15.274513320154291,4148
square_103079215147,-37.72936787826641,144.82366211026132,108.67055050987891,99.35822220200559,62.45,37.71507488846399,18.678598488867834,34.6,4.494454643682282,0.719339476248317,9.994036481835563,6276
square_103079215151,-37.72577277552356,144.83702345876964,52.94133998691099,40.81767376799502,42.087500000000006,27.984705497382198,18.310896067067866,29.9,3.334235775932592,0.909420379711236,8.948585230366492,1528
square_103079215153,-37.72545654441913,144.8456247927107,44.10563781321184,35.36952889170973,35.650000000000006,39.09840546697039,19.89103677607082,39.3,4.659357648775626,0.7725760241764159,55.49044664236902,439
square_103079215155,-37.72745924088341,144.84992107010785,61.07332787621983,57.83145208126281,41.55,36.79175401308503,23.51540785445471,35.5,4.384438833933214,0.7744415454582733,40.5239116302003,7788
square_103079215157,-37.72576637142857,144.85822406666665,59.55669047619048,48.474838455436625,41.625,24.39019047619048,20.22378887602003,29.14,2.9064988839285717,0.2910897090627901,39.12155980952381,105
square_103079215158,-37.7248474,144.86353200000002,98.07000000000001,37.64753228964682,96.5,60.339999999999996,5.32663120555572,61.8,7.188,0.1611726063167879,100.533968,5
square_103079215180,-37.721937353629976,144.75109656440281,101.45128805620608,89.45916660429044,64.825,39.32491803278689,17.172042588119652,33.8,4.6857135538641685,0.5595318448916765,43.95928886182669,427
square_103079215182,-37.72441925,144.75491025,386.625,91.05824601136717,421.25,18.4,4.377975178854566,19.35,2.1925,0.0,59.832564,4
square_103079215184,-37.721162521668475,144.76724009479958,218.1656283856988,122.65021681660603,214.375,26.84845589915696,15.192036572260848,25.0,3.1996829874983073,0.36489724210558067,8.532355620801734,1846
square_103079215186,-37.72049603883495,144.77245906088189,115.00174908980581,106.68789935724098,69.3625,29.241378639986603,17.978109604704017,27.8,3.484302970614634,0.6705816579614805,8.997644196601941,4944
square_103079215188,-37.72055632163,144.77913048378454,60.44783417935702,40.592769648518605,56.7625,29.73008427739883,13.787548745353195,28.88,3.5426175909585624,1.2521569201334617,13.645551146080091,7092
square_111669149696,-37.71835933497537,144.78924781527093,33.765800492610836,7.3779500192979715,33.3,28.950172413793105,12.471173585011316,28.87,3.448855449507389,1.1174620270378248,4.887272906403941,406
square_111669149698,-37.72149786451741,144.79471124920886,52.62904568829114,50.68240548512128,36.025,39.458187634431866,20.169521810860452,37.2,4.701766946527022,0.6714926835826829,9.495643190664557,5056
square_111669149700,-37.72137325404412,144.80084939007352,85.90668198529411,91.21142457477913,46.53750000000001,35.26140247300092,21.817220051924625,34.9,4.201965525907628,0.5200833178640565,13.503981920588235,2720
square_111669149702,-37.7212507432258,144.80701312,123.26367741935485,110.71550730517181,76.075,33.70640075604839,16.76000019860677,31.6,4.0165248991935485,0.5961898170692753,32.705784712258065,775
square_111669149706,-37.720617880568454,144.82436603785186,179.60839368679967,119.38301500593342,146.25,32.15288412347978,15.098525073846469,30.3,3.8313482901215323,0.640270437578215,5.983807191582399,7318
square_111669149708,-37.72059015299888,144.830511422597,78.94380130797694,71.48261378739723,59.325,34.24561892600142,19.301673156329247,33.9,4.0804257429303625,0.7793130948896921,9.340254502022201,11621
square_111669149710,-37.721394600334214,144.83607242501043,79.61628220303578,82.93419499436214,57.125,32.95657847096505,18.44228751254596,31.55,3.92729072922469,1.0064650938345074,11.828891894722183,7181
square_111669149712,-37.72345371319797,144.84329466497462,52.26497461928934,55.0621832527013,36.275000000000006,38.80259562381028,19.372701441627836,38.260000000000005,4.624784586175444,0.7907670285323624,78.51572331979695,394
square_111669149714,-37.72071265316423,144.8520009305034,105.80287724860878,90.42561567617248,68.1,31.862679095015853,22.305989223376436,30.169999999999998,3.7972726594854085,0.5929927508030283,51.85330241232043,7727
square_111669149716,-37.72133308713029,144.85757878976818,92.75947242206236,84.51700338512629,56.0,20.74505686076139,17.221243634551175,19.57,2.473009108338329,0.3918450495256306,19.572195072741806,1251
square_111669149718,-37.72210554166667,144.867097375,104.56770833333333,84.09344358689646,59.8625,64.82083333333334,9.093618362760566,64.5,7.725416666666667,0.24160993420556567,100.02297033333333,24
square_111669149719,-37.718529818181814,144.87178763636365,42.45454545454545,21.791626310872882,36.025,59.43636363636363,4.914320446872128,60.0,7.081818181818182,0.3213262588665042,100.24488763636364,11
square_111669149740,-37.716294635135135,144.75396394594594,140.9722972972973,107.85057351886802,86.225,37.87148648648649,20.00715527364274,30.6,4.513378378378379,0.3984967551340999,42.85683167567568,74
square_111669149742,-37.71188329389313,144.75540270229007,163.32242366412214,115.77719647952657,113.17500000000001,33.03084252743321,19.40546154908398,29.9,3.935962361343034,0.4550521321907831,41.95917354198473,262
square_111669149744,-37.71360976531165,144.76815316260164,226.4088482384824,124.03593664119502,225.5,22.00482595486111,12.123160842614409,20.5,2.622123131563347,0.643553280654396,5.090758527913279,1845
square_111669149746,-37.71347308731,144.77271384953457,163.83308589607634,123.00560433609796,117.0,26.027853608367945,14.075950481544146,24.0,3.101411841041814,1.0420421485398301,7.990253786732651,8487
square_111669149748,-37.71362576504822,144.77952789524443,71.41364482873296,60.23703044857772,54.0625,34.02612274159773,20.459484795179257,29.52,4.05475613704741,0.9430374631020025,9.514807053541736,12028
square_111669149750,-37.71344978501977,144.78786336734694,50.788201730954164,48.26070148695457,37.2,29.820787913455632,19.286839408291506,29.03,3.553331967808393,1.0788465730242465,7.334583704241906,9359
square_111669149752,-37.71303631195372,144.79422933635163,57.076376469848455,47.877964747570886,39.45,34.21765616648588,16.353726935524215,33.1,4.077502796494765,0.6267501244544448,6.503991553794881,15903
square_111669149754,-37.71304634055072,144.80085373397662,91.59139934886639,84.88882113769158,55.574999999999996,27.44668870769838,15.919994817128869,27.6,3.2709179633872187,0.48985415930712617,7.813185549227269,12747
square_111669149756,-37.71366855331412,144.8083705399856,160.28912103746396,100.56804711947686,122.38749999999999,21.194232554147153,13.329588525921759,20.3,2.525497958928089,0.541005543025756,6.314167837175793,2776
square_111669149758,-37.71179035060975,144.8145584593496,144.50386178861788,102.49395250043264,95.275,22.49212878715701,15.680462557059206,23.9,2.6805648580411585,0.3198953040325656,5.158121138211382,984
square_111669149760,-37.71286887899635,144.82462256454875,196.1434034803723,115.85792877446758,173.25,32.435435275761336,14.927862026690308,30.1,3.8652218824299376,0.9640559592901663,10.647360106839336,2471
square_111669149762,-37.71488674528936,144.83040704761103,121.06526875841185,94.82774438452411,78.6,37.14102437857503,15.343384954376623,35.4,4.4258805393306275,0.6996045215305644,16.3275847025572,5944
square_111669149764,-37.714755454828655,144.8356611578401,88.34866303219107,73.37110138898797,67.075,37.07785046728972,17.402572582376806,35.4,4.41832140771028,0.7596946265612116,37.55899463343717,963
square_111669149768,-37.71289733110334,144.85297147386564,80.72120362331793,78.05031537326833,53.275,35.12648328854523,26.430218047562565,29.35,4.186740496675155,0.9306842066842289,4.4222359882542195,78326
square_111669149772,-37.71439052571711,144.85838339441145,89.89639898615232,86.24029860564949,55.8625,34.987067240819734,21.187423951119676,32.0,4.169562227605712,0.7317558404177887,50.77389687091988,8088
square_111669149774,-37.712843549999995,144.8684872,68.45875,64.00477535381329,47.45,10.959,3.937213682154853,11.4,1.307287109375,,64.5485894,20
square_111669149776,-37.715724571428574,144.87504631428573,61.864642857142854,62.71320959318934,33.2875,24.635714285714286,13.891369812927127,17.6,2.9375669642857143,0.11830019236019548,62.02173382857143,70
square_111669149777,-37.712474393939395,144.87992506060607,71.41742424242425,82.14502502359406,36.225,29.890909090909094,17.374395018898564,17.6,3.563030303030303,0.19913770639671635,92.62110157575758,33
square_120259084292,-37.703417775510204,144.75446902040818,37.159183673469386,9.543508774889588,35.675,48.183673469387756,10.658395496406719,48.0,5.741836734693878,0.38343437082425097,5.0941338775510205,49
square_120259084293,-37.70350921621622,144.89104802702704,88.26554054054054,80.85174214102044,51.2625,44.78945945945946,16.799978872450172,47.8,5.339057749155406,0.12274195006672552,97.86673762162162,74
square_120259084301,-37.70563733705492,144.75906000331926,54.733343391671696,63.450628379205426,34.6125,12.09549610200098,19.011106354153984,0.0,1.4415005616560426,0.7471169699348869,11.881684829209416,3314
square_120259084303,-37.70609844574163,144.76598909052632,147.1210669856459,121.9814217324928,96.375,20.162089858702153,13.736420496639184,17.89,2.402094039697966,3.497919666884835,8.02487833799043,5225
square_120259084304,-37.70798215680283,144.77278705580574,181.21623914441943,122.5642798172794,150.25,19.09672965269681,11.37181752422579,18.02,2.2752648749095368,1.733597391852574,7.6115505262142165,6218
square_120259084306,-37.707232002869226,144.77986456871037,101.24891649048625,97.9908348555753,55.3375,21.8502353601159,18.16092277313036,17.259999999999998,2.6040747225158563,15.711528498986322,9.673356779220779,6622
square_120259084308,-37.707283040569024,144.78718691952056,80.97947510537408,73.75144203577211,50.8875,25.266775146741633,14.345604245434046,22.755000000000003,3.0106078625629777,7.525021321064019,8.224710045310854,7592
square_120259084310,-37.707746504851926,144.79484994517958,38.266281033396346,22.97219032112168,33.475,37.12324235979836,14.771475665612744,34.0,4.423070686633585,1.0656854048611055,7.653212502079395,7935
square_120259084312,-37.70811897040556,144.80112724381925,58.20457191572281,52.85591379722676,40.55,32.442201224919316,12.967435132049824,30.8,3.865400492907761,0.9734030763452303,9.793720416514432,8211
square_120259084314,-37.706763233110614,144.80801656384557,95.68929101707499,63.82463613594338,74.325,33.68354324714644,16.15284162009469,32.6,4.013669917525055,0.7272789454356042,8.027483000742391,2694
square_120259084316,-37.70618935472579,144.81429599299884,112.64121936989497,91.34144451154958,77.425,46.5023841799154,24.661328122766548,41.2,5.54226708357643,0.38358128855352996,30.82784958226371,857
square_120259084318,-37.70768162225275,144.82184399862638,160.36112637362638,108.30494715494002,119.5625,33.135158315805285,15.467354510402203,32.1,3.9486234090616414,0.49875354018809137,33.03965710439561,728
square_120259084320,-37.706940133928576,144.83241793526787,129.26875,87.40978933947483,97.825,33.665468749999995,11.789285479993064,33.2,4.011194545200893,0.6472647165622852,25.451560598214286,448
square_120259084322,-37.70836465957447,144.83526219148936,100.19290780141844,84.09964037878781,69.325,39.63744680851064,11.639843114078671,39.5,4.722886746453901,0.6772329151785047,35.11891120567376,141
square_120259084328,-37.70757,144.86078189130436,31.831521739130434,5.083113205022338,32.537499999999994,14.25695652173913,4.385256039434981,11.4,1.7008823029891305,,40.29947973913043,46
square_120259084330,-37.70671621428572,144.86552339285714,58.708035714285714,46.28844450910779,42.05,7.957142857142857,8.565323222433694,2.85,0.9492745535714286,,42.09754742857143,28
square_120259084353,-37.69803767264574,144.754187603139,106.63789237668162,109.10770679346037,48.27499999999999,43.68730100896861,16.110006399867057,45.849999999999994,5.2061713494955155,0.4484289713112419,5.205282690582959,446
square_120259084355,-37.69873979508819,144.75865063483784,58.196432296605344,53.7352489744943,42.95,30.84243893382266,13.956015500521632,28.725,3.674532038954343,1.3168347902335444,7.137663142044378,10546
square_120259084357,-37.699138520432285,144.76485915321402,115.57370539232241,102.56942866957598,69.3,19.09002255229441,12.794048260134671,18.16,2.274364833108184,8.019384668208742,6.897125706180344,8883
square_120259084358,-37.69959627218543,144.77115985496687,41.14276490066225,17.058920285873153,36.662499999999994,14.312128388865894,16.89184207474037,10.851445312500001,1.7051094526076158,9.26662855842492,9.998986021192053,1510
square_120259084359,-37.699828837082485,144.7811166830266,58.14653203817314,53.74642142429888,42.1375,17.935408838190185,9.674768097614471,15.665,2.137037733789196,17.71299481379957,15.949256726653033,2934
square_120259084360,-37.69961490121951,144.78762345640246,66.40084603658536,59.34501515104363,47.900000000000006,21.199414378096417,9.56960189943214,19.52,2.5253179633908154,6.6324546280867045,11.404800635365854,3280
square_120259084361,-37.69960854729494,144.8001273122164,38.67188045375218,17.763245648350015,35.3,36.28138217168412,14.442958883546654,33.7,4.322517690608639,1.3077923735394683,11.450624140314135,5730
square_120259084363,-37.70129552195734,144.8077716919699,51.24324027603514,50.568504694177065,37.875,31.604761606022585,15.254522163206305,28.5,3.765356316656211,1.184718521302506,20.24979704642409,1594
square_120259084365,-37.7030365,144.81247583333334,40.6875,11.892074566701979,39.2625,34.845,18.519634715620064,35.25,4.149947916666666,0.4999708181980983,84.38637999999999,6
square_120259084367,-37.702139710000004,144.82197313,167.88825,107.42158823710115,126.4625,32.595662499999996,21.81083457540022,28.85,3.8848146484375,0.36328911890476745,12.861658480000001,100
square_128849018907,-37.69539596478873,144.7542737112676,62.70422535211268,32.364659000714724,52.575,60.76830985915493,14.179314519529205,62.0,7.24218309859155,0.3291205960277626,9.130216535211266,142
square_128849018908,-37.694934685612786,144.75740923090586,85.37466696269982,80.27087567181262,54.025000000000006,34.31991838851576,19.539510822871527,28.295,4.089304056116785,1.102460005963798,11.009471404973356,2252
square_128849018909,-37.69288145508744,144.76568900655803,143.46296701112877,106.07408535294101,103.175,28.72081891131136,12.104192639706808,28.195,3.4221287102388462,0.9457724167517659,7.405566121621622,5032
square_128849018910,-37.69249952656417,144.77346094276146,62.23097122849749,36.35660216202685,58.9,37.49695117455092,16.808869832508197,34.8,4.468286589949003,1.2701082733072662,10.960045782310853,6569
square_128849018911,-37.69251407920592,144.7799561563257,71.81907806191117,53.58461603657371,59.724999999999994,30.115703144715262,16.848162462396996,26.990000000000002,3.5879688991787937,16.40417866006345,6.183204227456259,14860
square_128849018912,-37.69135805894227,144.78680196306016,67.12944943480015,63.2710003355841,46.8625,25.00255991843712,13.10313070658746,22.4,2.9788138964410074,5.847820377342029,6.946438907549455,4954
square_128849018913,-37.69521855656209,144.79440478546178,53.92357876712329,51.45991286775291,37.4625,30.725720079989227,13.390915469455198,29.85,3.6603424959608373,1.6461540908700054,9.244258,4526
square_128849018914,-37.69472561209068,144.8003212418136,62.06969143576826,55.492100715114255,43.925000000000004,31.511158690176323,11.97771182122147,30.0,3.7547332533060453,0.6714095182923953,25.872444664987405,397
square_128849018915,-37.69303606756757,144.80733750450452,81.83581081081081,81.12654537509891,42.6625,39.403281953828824,14.209279286492409,42.0,4.6954567849099105,0.3176913920933081,28.017890234234233,222
square_128849018930,-37.70115058536586,144.88769806097562,36.920731707317074,34.05076837952078,31.55,59.56463414634147,18.641864289428952,62.15,7.102069359756098,0.40166607267783244,79.37895595121951,82
square_128849018932,-37.69548175,144.901078,201.98125,79.54789797924686,221.0,33.575,9.896590321924013,33.35,4.0024999999999995,0.17596153846153845,97.222592,4
square_128849018933,-37.693763818181814,144.9103031818182,127.91363636363636,112.07849557544277,63.074999999999996,14.2,25.362925698743826,0.0,1.6918181818181817,0.0,94.77778363636365,11
square_128849018934,-37.6752666985138,144.9551420063694,88.19750530785564,81.27520753252348,52.325,48.13870488322718,24.50966094846001,51.6,5.737537320859873,0.16641576092480198,35.75434238641189,471
square_128849018961,-37.68775228519417,144.76635617718446,143.6349514563107,101.33600566693876,102.2875,30.767836819250608,12.164542838474096,30.35,3.666682958510316,0.7060527011822956,5.409456004854369,824
square_128849018962,-37.68459386327078,144.7732453245883,72.14866430486404,58.40675218611774,59.6125,32.84836285337275,12.390682961261248,31.2,3.9139787572409994,0.8046538405741307,5.797358654921486,5222
square_128849018963,-37.68577494749114,144.77969186812163,50.84885282596531,22.291010381308116,50.725,33.87324392166806,12.926478551577958,31.4,4.035481330004896,1.2977081163425879,6.239001950755456,10722
square_128849018964,-37.687244359957404,144.7848413908413,50.07200479233227,24.525045585333437,43.3,33.765452733959,14.254393070152853,31.1,4.022810482394835,1.1139487455127324,11.950623665601704,1878
square_128849018965,-37.68441814814815,144.79264306944444,61.80694444444444,57.12221407723331,42.3125,19.852268518518517,9.340805450163009,20.950000000000003,2.3658977141203703,1.5578781200065464,12.286562407407407,216
square_137438953485,-37.683900666666666,144.8745125925926,46.84444444444444,12.448467493981655,49.300000000000004,71.68444444444445,37.072597109054236,93.1,8.54582175925926,0.46509370390206684,85.64327066666667,27
square_137438953487,-37.689513222222224,144.88140363888888,63.571527777777774,47.87407035754539,43.0375,72.80611111111111,13.417250149986085,75.5,8.681396484375,0.32744056351345696,79.26878955555556,36
square_137438953518,-37.674670750000004,144.768374,31.3125,6.679336918187815,29.799999999999997,94.95,1.869937610367425,95.65,11.317499999999999,0.2841150446669859,80.791648,4
square_137438953519,-37.68073761363637,144.77338818750002,70.72286931818182,31.316533727728682,67.4625,44.70113636363636,14.69417761714332,42.65,5.326875,0.36232778694429585,15.421446159090909,176
square_137438953520,-37.6805903,144.7775939,61.645,71.47685309089773,38.724999999999994,41.980000000000004,5.789607547628385,43.15,5.0009999999999994,0.25432021361161394,100.020038,10
square_137438953523,-37.67689463636364,144.86431636363636,37.95227272727273,4.741419283103091,38.15,77.80090909090909,17.278964352382612,82.0,9.273636363636363,0.2804618966552399,83.61072872727273,11
square_137438953524,-37.6813255,144.8712445,36.1375,8.00798429693765,36.1375,0.0,0.0,0.0,0.0,,89.642356,2
square_137438953538,-37.616595263963966,144.78046238648648,43.25427702702702,48.44604576658452,31.15,22.309918918918918,30.24856276895896,0.0,2.6593508938626127,0.5809559411306389,26.632897895495493,1110
square_137438953539,-37.6722724,144.76478824999998,34.61625,4.341744093830934,34.575,89.535,7.65955028224998,88.35,10.6685,0.28819492984997624,81.9673902,20
square_137438953543,-37.668459,144.85577354545455,28.018181818181816,4.571639351877657,29.599999999999998,0.0,0.0,0.0,0.0,,80.8611821818182,11
square_137438953545,-37.673315333333335,144.8583549722222,29.385416666666668,8.708682807979631,26.700000000000003,8.116388888888888,17.110819493237567,0.0,0.9675444878472221,0.2629576946002854,82.7613528888889,36
square_146028888101,-37.66353925,144.8547925,93.78828125,100.93329520041996,37.8125,0.0,0.0,0.0,0.0,,79.31595125,32
square_146028888137,-37.65614106060606,144.8450684242424,58.43181818181818,36.223667306795555,43.45,0.0,0.0,0.0,0.0,,82.16532690909092,33
square_146028888138,-37.659324600000005,144.8503553,284.775,152.9508440461982,308.625,0.0,0.0,0.0,0.0,,75.7621716,10
square_154618822680,-37.64728682352941,144.83989429411764,51.75,47.947472072310546,31.425,0.0,0.0,0.0,0.0,,79.62772047058823,17
square_154618822682,-37.650826625,144.841988375,56.293749999999996,39.14287664015851,38.4625,0.0,0.0,0.0,0.0,,81.489389,16
square_154618822713,-37.64382695238095,144.83216023809524,40.80595238095238,32.599892546565535,35.25,0.0,0.0,0.0,0.0,,58.65989523809524,21
square_154618822717,-37.6448241,144.83593985,44.4375,26.277469962528336,36.025000000000006,0.0,0.0,0.0,0.0,,58.1329836,20
square_154618822733,-37.634509376146795,144.80263780733944,74.11699541284403,78.76106649593038,33.1,0.0,0.0,0.0,0.0,,49.50265170642202,109
square_163208757248,-37.631833,144.79691523076923,36.30576923076923,9.538104250442416,33.599999999999994,0.0,0.0,0.0,0.0,,49.968812,13
square_34359738372,-37.826470246357616,144.78624682649007,63.53665562913908,28.640709985533114,65.575,27.551962489652315,11.068379606068842,26.0,3.2832586920529803,1.2019463837337514,9.592268423841059,755
square_34359738374,-37.827727792207796,144.79557696103896,109.60568181818182,73.9869230034097,85.30000000000001,26.85844155844156,20.910460875503773,28.05,3.2010014204545456,0.23668561895659712,41.25135179220779,154
square_34359738394,-37.82049887429768,144.78736480962874,70.37332350997025,72.90576317716709,42.375,29.093309119202377,19.443015357651866,28.6,3.466690066367949,0.8652878480597962,37.02383330703977,9077
square_34359738396,-37.821644435650775,144.79574879039845,122.00575979425243,106.23052459050125,78.425,24.4195241749376,19.020720604905488,24.3,2.910084377394509,0.5723232994891202,9.506083664006312,32953
square_34359738398,-37.82139424,144.79802524000002,333.24,87.29951675123986,329.75,13.0288,5.305284566668723,16.41,1.5522062500000002,0.9462319670645633,17.42613472,25
square_34359738429,-37.811999110079576,144.77113828381962,62.479011936339525,53.28497482296788,48.12500000000001,27.323952254641906,18.835375177153203,25.9,3.255508330570292,1.0221401303342543,40.94947866312997,754
square_34359738430,-37.81301783787879,144.78081302575757,48.94447727272727,39.17586625831994,41.300000000000004,28.80231818181818,25.866056206192,27.2,3.432011126893939,0.8307089936573772,40.73057580606061,660
square_34359738432,-37.80957841134618,144.78765468373,66.69375503714897,59.871886610568836,46.2875,29.60982918580193,17.927577914396448,28.87,3.5281609647025722,0.8485962337221482,35.474546099735555,15882
square_34359738434,-37.81428471748879,144.79465857847535,62.858363228699545,39.82061133459864,60.875,26.542645739910316,13.971354145616043,27.2,3.1627110776345293,0.890108763511585,68.17332421524664,223
square_34359738436,-37.81477971910112,144.80117461423222,120.15299625468164,85.22734308768341,88.225,26.18794007490637,13.308188864512639,24.8,3.1202197448501874,0.691379998400464,31.219698097378277,267
square_34359738438,-37.81300216067761,144.81025849486653,92.90660934291581,59.72586707949395,76.95,30.2998613963039,12.184552798276139,27.799999999999997,3.6116743735562116,1.122864561922596,7.496911211498973,1948
square_34359738440,-37.81340597414351,144.8167036819651,74.93340336134455,36.35553935005742,69.05,35.673044602456365,13.321045808155505,33.1,4.2526297874919194,0.9820620590772589,12.068987180349064,1547
square_42949672967,-37.80747669691781,144.76966962157536,89.22630993150685,88.46910079279913,54.45,25.67339602953767,17.185848291781276,26.5,3.0591267457726885,0.983502793529417,51.766520493150686,584
square_42949672970,-37.80679665723751,144.7882055133792,54.0412751656473,41.83261902193196,42.1625,30.754180682976553,18.04198324436102,29.57,3.664483755813583,0.9147481376385332,53.33924575025485,7848
square_42949672976,-37.808442,144.80790868333332,28.257916666666667,4.979156750102411,28.4375,21.43166666666667,4.798364186892916,21.4,2.553552734375,0.7992155108895248,44.31536593333333,60
square_42949672978,-37.806366397881995,144.8186516202723,71.5857791225416,53.44729572734521,59.974999999999994,34.56782148260211,19.97112290521884,29.380000000000003,4.118424794345688,1.0035082512268707,27.67235985476551,661
square_42949672980,-37.8035878630137,144.82328843378997,73.14263698630137,38.34807331327689,67.19999999999999,24.669999999999998,10.375250056262603,22.6,2.9391238584474886,1.0157462460923716,6.763656219178082,438
square_42949673001,-37.796416237288135,144.75344575423728,98.11631355932204,103.28022091284866,46.7625,40.92847457627119,23.255834875851097,42.98,4.876970007944916,0.544533255895245,48.47803047457627,118
square_42949673003,-37.79711792177046,144.75852247864128,65.7513355635615,50.72201796810533,54.474999999999994,38.17971178589809,24.026360669543063,33.8,4.549254575720536,0.9417198632269539,83.74774787236232,1943
square_42949673005,-37.7970777627657,144.7652897451747,110.47907708282433,88.22929660513725,76.45,36.84955206488212,21.56822238651609,32.83,4.390995077342414,0.7050412914625508,35.90992887564134,4093
square_42949673007,-37.798325913090125,144.7715745718884,97.16078683834048,82.59621369308307,67.42500000000001,28.01678022174535,18.978105925287107,26.9,3.338491071228988,0.5744866928474426,63.04887927753934,2796
square_42949673009,-37.799220490797545,144.78002892297206,68.44392126789366,56.43691878393185,55.775,35.46508520790729,25.198775139469966,32.2,4.225822735599864,0.7115244859564904,86.77865144921608,1467
square_42949673011,-37.79970527201137,144.78862094531337,52.717464453680414,43.69800597909779,39.824999999999996,32.04515826016146,18.54397046376972,30.3,3.818247011033031,0.9730743483069818,53.9057045954282,9143
square_42949673013,-37.79776651537682,144.79448896924637,65.52973724231158,60.54731681639817,45.6,23.326583305170665,10.67926813043048,20.09,2.7792782084319025,1.0752614230029258,12.252413281514025,2959
square_42949673015,-37.798744716068995,144.80164953495233,92.6363231956423,85.25437102872208,59.9875,25.102756251241207,19.907662145800966,21.0,2.9914436413058896,0.7081115121087013,10.878891794825238,4406
square_42949673017,-37.79957168166326,144.80878070191838,66.3027044989775,49.25888412975436,58.075,31.23104425143332,20.504431428644907,25.85,3.722386720081374,0.8118823145077674,5.925162087058136,10269
square_42949673019,-37.799472731061066,144.8163384306877,61.06992111285078,35.07079522462244,60.375,27.06452771682675,14.583805026085766,25.1,3.225305485404372,1.0498887380942643,7.505563574129833,8303
square_42949673021,-37.8002800107339,144.823520257988,80.58550923614578,64.28081049950791,64.475,29.81963256287444,13.639254654423448,28.34,3.552559673673084,1.1655558537247865,6.2578832666001,8012
square_42949673022,-37.80061745301775,144.82878541633136,87.85909940828402,62.6277182117554,68.25,29.999050591715978,14.439177753221871,28.64,3.5741644554363905,1.0499718320677975,6.303748616331361,4225
square_42949673023,-37.79652825,144.8341588125,41.8375,8.839424000842287,41.375,32.35,8.745131979183235,33.85,3.855625,0.9680215369581148,14.578596749999999,16
square_51539607556,-37.7931894943076,144.75274974394534,101.73620471951976,90.2089163769033,66.675,36.67408248405481,20.943718426734918,36.1,4.370079216583005,0.6101910247726916,47.91550561871248,4831
square_51539607558,-37.79334246942117,144.75801625050565,98.10474646056053,89.71762349606728,64.975,35.51715009661225,21.196712097135602,31.6,4.23221711665854,0.9306745060652708,6.952104684387942,20766
square_51539607560,-37.79399993203182,144.76517721884792,102.38183658712943,85.37573458266763,70.85000000000001,31.27068492909938,17.408766379834304,29.2,3.7259806407291918,0.8618825696821237,7.2064703504458905,12447
square_51539607562,-37.79356608002705,144.7702564044184,96.38774402614968,78.05491372381903,67.525,30.248075317713027,14.214636808133044,28.9,3.6039782505706155,0.9060926271348325,12.204848249774571,4436
square_51539607566,-37.79311499668874,144.78868999256986,48.47360826199322,37.71477474919033,37.6125,34.33287610827461,20.605666739782485,32.2,4.090910086529337,0.9471788162503487,51.096954913261186,12382
square_51539607569,-37.79410654723757,144.79299135062155,52.73214779005525,41.87520390769895,41.925,28.0664349196629,17.694089909393956,26.0,3.343889624158322,1.2491160078582897,4.630607527624309,14480
square_51539607571,-37.791964689426315,144.8016016569179,54.18388217097863,56.186266857601076,36.675,31.437493896758998,21.119367183033237,28.12,3.7455781854172527,1.0591412841508174,6.544945917660293,8890
square_51539607573,-37.792398468521036,144.80969840912923,79.86308727225573,76.65324407424993,48.325,27.982567548263955,17.210452451984857,26.93,3.3343831193418514,0.7577588375712032,5.890384165726513,15423
square_51539607575,-37.79262515463773,144.8161596757438,98.82633584179209,94.72192886448612,61.12500000000001,27.843545395629157,19.802279108708777,26.1,3.3179097276152874,0.8726692484607964,6.626646709975499,14285
square_51539607577,-37.79369947908881,144.82287423776472,143.288957109806,110.02559562949706,93.5,27.23517996974551,14.61558916132006,25.9,3.2449580976652874,0.876406167560014,6.712513848727532,5619
square_51539607579,-37.79384088185018,144.83138293112117,58.97195104323781,55.437634645042635,39.4875,15.58707808964932,14.571484240475314,17.8,1.857200817877231,0.9195062848006275,6.513262858722976,7956
square_51539607580,-37.791519935561574,144.83795927883168,108.82179689852454,111.96841069866552,52.400000000000006,18.23990777203779,15.228896416706954,17.97,2.17375880994053,0.697911219412689,6.6979629412827455,3321
square_51539607582,-37.79166544287309,144.84325190658726,115.96953107554894,105.46321008662038,67.2,23.49137458713249,11.705046502626091,23.0,2.7992001128116857,0.7368219641899348,5.238092861927801,2687
square_51539607596,-37.78547536456212,144.76442833299387,124.04071622539037,107.26540119564841,74.96249999999999,19.242082531133317,10.656246779856096,17.96,2.2926628200844363,2.405237804634415,7.319566685675492,2946
square_51539607604,-37.78692498704104,144.71826659179266,138.66744060475162,104.73810465982214,96.75,11.755716202078833,12.64794810851213,9.44,1.4011727397745681,0.19470696931703613,22.489212,463
square_51539607606,-37.78367887076204,144.72271549264474,136.6390349769556,112.6435225148013,84.525,16.66386437107377,18.915397663755762,10.5,1.9858072242565818,0.8795463569333755,12.36092921421807,15839
square_51539607609,-37.78506675346993,144.72924766115884,167.99904163912757,124.57228994734803,120.5,7.910392716250826,14.103253471651946,0.0,0.9427180817463923,0.8364284070848905,18.700994952192115,4539
square_51539607612,-37.78498244771447,144.73529879618033,118.75465403882279,104.79087121238612,72.8375,27.685613326500864,23.6951428665906,24.5,3.2992403129525085,0.9550002848317778,30.769019280525985,6388
square_51539607616,-37.78600747826087,144.74923399792962,92.68183618012422,85.84419308892262,61.925,23.375047968830874,20.404964628809868,21.0,2.785189059871571,1.0808208547400866,82.96608004968944,1932
square_51539607618,-37.786048431353066,144.75838412298828,153.6913769123783,114.73527207290122,112.25,19.751344505172113,13.701312961221978,17.92,2.353615894859552,1.2980393002463984,6.728992699384066,5033
square_51539607619,-37.78522538520165,144.77116237535725,115.33995712924738,104.89406711838234,65.825,22.068738519420847,14.761942140361281,20.259999999999998,2.62994978874742,4.5868356552165706,12.941433124166403,3149
square_51539607623,-37.78632085618043,144.78915448491506,61.1643438781488,56.09588858105746,44.05,30.29420485958553,19.222198276121304,29.5,3.609877057245899,0.7388331448867902,69.95684531341536,6828
square_51539607626,-37.78545793171781,144.79453836337902,45.487450458611704,40.72584535326156,34.9,29.948918918440718,18.00170030115188,28.1,3.5686104281968354,1.0240190405973564,18.262224500962517,8831
square_51539607629,-37.78557502421117,144.8015039575212,37.911182807446906,25.41799018869754,32.55,36.85469510354755,20.871539313700882,31.4,4.391296959673542,1.2632075824967592,9.369300374792413,11441
square_51539607631,-37.78646168058468,144.8096202256075,53.96839043419268,52.19631816617651,37.35,35.374219706445814,17.573427905783046,31.1,4.214625184061614,1.002347568180758,7.300099925989885,16214
square_51539607633,-37.78640227860659,144.8156121038243,93.5174176448315,86.46998873603562,61.575,28.391384856588417,19.229126668524817,27.7,3.383094153788811,0.6484037248180642,7.195616623097311,13205
square_51539607635,-37.785943096018734,144.82224796972233,119.33869647039144,95.72617314397668,79.1125,29.395078628146955,20.05662922879863,25.4,3.502804392472922,0.675590141494161,6.842700390097022,5978
square_60129542144,-37.786901817728534,144.8300228027701,79.3701108033241,75.04358678944507,51.0,21.9138631946849,13.789645220927078,21.79,2.6116038889369806,0.9691960321871036,17.669072179501384,1805
square_60129542146,-37.78631365363056,144.8375996443749,106.55408030243775,96.85514935353466,62.699999999999996,24.96339731975541,10.011448158228944,23.8,2.9743356879807066,0.8172324405234569,6.61115545248338,7671
square_60129542148,-37.78536143589189,144.8434749277838,139.39935135135136,107.3689698970654,95.475,28.456590506756754,15.342780766755121,25.6,3.3908330447635135,0.6963568518042805,6.515488164324324,4625
square_60129542170,-37.781514343875024,144.72282988150124,104.28362640502954,92.9449824428732,69.125,30.118491152332584,26.635973766229657,27.5,3.5890736851662224,1.215735308128095,9.760203007048961,5249
square_60129542173,-37.78187993006993,144.72587295104896,162.37465034965035,113.3509941270706,104.425,4.53805944055944,9.66851622327938,0.0,0.5405852545891608,0.514683159588224,3.4837285594405594,143
square_60129542176,-37.77855751983211,144.73694713725078,82.23604512067156,72.58929133596632,59.224999999999994,32.24548448157135,23.613333199883172,30.189999999999998,3.8424205674514686,0.7716665444328517,58.921449182791186,4765
square_60129542178,-37.77698082196162,144.74695196055438,125.41383262260128,95.19935021788146,88.48750000000001,16.63203281166711,17.045782527771266,12.6,1.9818712207655917,0.5425227340907398,96.18510278464818,938
square_60129542180,-37.780447159926474,144.74755397610292,134.68279871323531,106.59281227771855,91.9875,9.863550917681525,14.085888312112825,4.115,1.1753136668485755,3.7856768013193434,96.04887678676471,544
square_60129542182,-37.777981645650556,144.75858924639405,165.91939776951673,115.85968418592613,126.75,26.563621883712827,15.024874442039804,24.9,3.1654976998141264,0.9346713714947927,7.020801464981413,6725
square_60129542184,-37.77816256483286,144.76544389266977,187.96544371158748,121.46666891133046,161.5,19.43949489277282,12.759341991141353,18.17,2.316576837360403,2.5105003423205923,6.09562965792235,6671
square_60129542186,-37.7787981984628,144.77133803650838,173.5918062036783,127.15428913696428,129.0,16.735546306701206,13.819776292849111,15.5,1.9945186804102044,3.5715107761395894,12.087710160856437,3643
square_60129542188,-37.77966490517241,144.78011960775862,94.18211206896552,86.054076160719,61.1375,26.174713766163794,16.26363012182668,26.4,3.119131953798491,0.4153053588563965,58.5044485,232
square_60129542190,-37.781140009287924,144.78717443962847,56.64596749226006,45.76707888980142,43.324999999999996,28.783234205688853,17.156698196201273,26.2,3.4298268793537154,0.7905041690920344,57.13051893498452,323
square_60129542192,-37.77908891567215,144.7938033930421,68.85810177887863,60.51887424250244,54.65,30.62395002489234,21.03012911223929,29.0,3.6490497118909735,0.8777350005830941,67.99834747804549,8882
square_60129542195,-37.77959400823879,144.80177097150187,73.749450634792,34.818131651296966,66.925,32.85582606319219,17.980494791461318,32.05,3.914673088976398,0.96420997586205,6.274022951377634,7404
square_60129542197,-37.77972565830389,144.80701236183745,89.2512703180212,52.75078165389191,73.1,35.49147683856007,16.39317004669784,36.4,4.229113481393551,0.6694926387851897,9.48186894558304,2830
square_60129542199,-37.780020520502646,144.81720438161375,78.3592757936508,47.60900045762821,68.1875,30.918994708994706,16.759819324607474,30.1,3.684222160218254,0.7864564424012517,22.554202291005293,1512
square_60129542201,-37.77965294383149,144.8217140225677,55.270021313941825,41.29158401860302,45.337500000000006,27.37536108324975,12.224382017098439,24.7,3.261921526297643,1.0423954238120439,17.164128880641925,1994
square_60129542203,-37.776370342330765,144.83075620694086,45.44824764353042,20.880190569975067,41.22500000000001,28.12650814053128,13.686201188616485,27.1,3.3511527788935305,1.2726549138259384,15.42125803941731,2334
square_60129542205,-37.776889113109654,144.83877249740573,62.018479764787266,44.95908579609476,49.375,27.396100073503977,9.757077257910929,27.2,3.263551741936181,1.3882793738313575,10.423523003804911,2891
square_60129542207,-37.77850688675524,144.8446546847623,83.69711879800705,82.43861008078652,49.5,31.057381247405022,15.37186706793487,28.0,3.700182702537887,1.1776476383436556,6.834611841810255,9634
square_68719476737,-37.77117702949656,144.73801656398314,88.49246950543358,79.87698728037469,61.175000000000004,27.88111952743818,24.058706811796377,24.3,3.3222424660228156,0.6226950944018688,68.22173339188289,4509
square_68719476739,-37.771176321347035,144.74576409246575,106.32501426940638,87.95023017150888,72.73750000000001,25.536515834581905,22.870629364114585,21.0,3.0428430788919805,0.7192094753618914,92.56149066210047,1752
square_68719476740,-37.76802753571428,144.75412503571428,70.18928571428572,37.574471379793216,60.4,23.74535714285714,6.605707679105922,22.0,2.8285714285714287,1.025690409112752,54.93521457142857,28
square_68719476742,-37.769808513084115,144.75771963037383,85.66540303738317,90.2232907614772,49.25,30.140330046181365,21.586149086724262,27.0,3.5919703357732184,0.8432319844159235,11.99590075140187,8560
square_68719476744,-37.77039312750133,144.765648365858,119.08742739507703,105.04085013143707,72.425,24.30612196603285,15.759543055358218,21.3,2.8960665802223526,0.9201604284533359,11.507088960510005,5647
square_68719476746,-37.7705773080538,144.7735035828877,55.73747609787717,54.93209045606642,38.85,30.593257376362217,20.987270687487346,28.5,3.645581297601685,1.0663390713410699,16.907977604278074,12342
square_68719476748,-37.77027405913429,144.77780374403545,42.38748040218132,28.611519517243476,35.75,34.51168541240627,21.097804412295595,28.66,4.112322095209185,1.2478637839483557,16.963942214723925,5868
square_68719476750,-37.7706869829116,144.788093276372,68.13002218205717,58.652044770165354,50.325,32.232395277070324,18.559215597752125,29.91,3.840667961689739,0.9442265971671289,37.56547563457115,3043
square_68719476752,-37.77111760094085,144.79486994945452,57.417744470023024,48.708873313459264,43.925,33.94291071339205,22.328620267820355,30.4,4.044653737191598,0.8655363976444471,58.64874635892303,9991
square_68719476754,-37.76955983027794,144.80009299526907,54.31338261383796,45.11591544839162,40.625,31.502016558249558,19.498600162523225,29.29,3.7536087882539917,0.9200061906996426,74.83401918391485,1691
square_68719476757,-37.76881047262345,144.80874440275446,101.50636714813571,93.11864406515943,64.10000000000001,21.31453613117232,17.970319006360736,18.869999999999997,2.5399626400056685,1.116490631132751,87.1274289606987,2977
square_68719476759,-37.76790071735241,144.81346900894454,123.49713774597494,103.14909895823995,80.27499999999999,15.932715472663238,13.212310597315504,15.73,1.8983933188450357,3.0962881789988246,90.01810327728086,559
square_68719476761,-37.768492867629654,144.82392234714658,146.35703883495145,111.36182282139856,110.125,27.332057778830215,15.693592102165102,26.9,3.2569256249260006,0.5646544188352968,7.092489455837082,4223
square_68719476763,-37.77070998928967,144.83165572387048,98.41400621691494,92.89203342537796,54.675,23.728371447683276,17.055094899218044,21.7,2.82744650666414,0.7637623760507184,6.9774888861258155,16246
square_68719476765,-37.77032440293198,144.8376489547705,56.338988704638304,51.38853406407214,38.974999999999994,29.670614456598475,19.340740840396617,29.0,3.535229877790045,0.8957242872579093,6.880163976928623,20805
square_68719476767,-37.77128577541502,144.844436274721,69.35610404752651,66.04202524671173,43.325,27.132160812749845,14.692665234996149,27.34,3.2326689906949224,0.9057338611576067,6.788612373549498,18011
square_68719476769,-37.770737185007974,144.84864194736844,53.2286283891547,55.64616585671809,32.275,25.821355661881977,10.49624870975991,24.0,3.0756889827551834,1.274277326180558,10.520996376395534,627
square_68719476793,-37.764022437201305,144.7389997746129,85.53977251003631,76.16082274497222,61.425,30.24068244748853,23.454905132462684,28.19,3.6035689037558547,0.6716521195938704,45.219253026190025,5231
square_68719476795,-37.76349860739437,144.7423225,88.8678477112676,72.25631188354728,68.3375,39.69524656483824,22.86615109665633,36.2,4.7296917380749335,1.0374056303158306,58.59195142429578,2272
square_68719476797,-37.76204103012404,144.7533476296515,78.40237743650326,64.21499597156064,60.875,31.073753760890433,20.429325693425767,27.2,3.702630535200089,0.8461486444626489,31.29296505138807,1693
square_68719476799,-37.76402555091914,144.7587143152137,111.07448122251044,101.63390747017185,67.82499999999999,25.097532881752567,15.27210827838773,23.8,2.990426586112834,0.9027701914199083,14.728370344423142,8867
square_68719476801,-37.76448412421011,144.7649689200237,144.80551095971566,110.99415464629068,102.7125,27.10936136977932,17.114194888270138,25.6,3.230379771734301,0.5879469697404607,15.157214542654028,5064
square_68719476803,-37.76414270012454,144.77359396811954,65.75621450809464,63.946222025409185,47.375,26.680789116010274,19.423247398563536,27.7,3.179213347894614,0.6790067475109117,18.560267738480697,8030
square_68719476805,-37.76332141073826,144.7806215469053,103.91830984340044,99.99669116030861,54.275,28.139131420115582,12.430181780810628,27.4,3.352947489921234,0.8875206721106634,6.799920037583893,6705
square_68719476807,-37.76472634684685,144.7876519494852,154.88720238095237,114.48572810830646,113.75,23.481534566793357,12.054662120521686,21.4,2.7978822796010294,0.7417568409034379,13.19652014929215,3108
square_68719476809,-37.76323615495592,144.79443056532193,213.4354728827144,114.74685309477165,208.25,17.123817480129574,8.710278267974937,16.85,2.040680950795652,0.560304061579834,5.857908161367887,3743
square_68719476811,-37.76503921596813,144.80216879286456,83.82879546241774,76.1553322728418,53.7375,32.97363135797324,18.73868126236472,29.4,3.929029140597939,1.0237524800621733,49.46361212400416,5774
square_68719476813,-37.763242530241456,144.80835842720535,127.50193043270379,106.38806766805074,78.025,27.502244865751255,16.578897358478315,21.8,3.2768097993366005,0.8818579019923777,10.284045313889552,4183
square_68719476815,-37.7642331035055,144.8163642993155,133.40228531425015,113.95892557156456,81.8,27.163252943664435,19.188031642436155,24.0,3.236627326653573,0.8277511929594498,70.35221019373574,4821
square_68719476817,-37.7643332164247,144.82354629629828,106.81377698612525,94.68819118898455,66.425,25.22949362511384,17.85693550406191,25.4,3.006110523207733,0.8177369895811244,14.968597180478918,18667
square_68719476819,-37.76475295685904,144.83020611998742,104.52871311002778,93.80467291379323,62.625,30.229090574956096,18.25773588467866,28.06,3.6022444167469336,0.6579001227272122,8.693667195470987,19077
square_77309411328,-37.76628213252531,144.837620200303,57.88186767402918,60.313299379046505,35.4,27.38564707758552,15.258734836470738,26.9,3.262729447412487,1.1262218470522716,7.245076424846504,12541
square_77309411330,-37.76605979231349,144.84379880587792,68.48695327807084,69.36779904139735,40.3,25.915667291705915,14.3279913616967,26.4,3.0878100950216654,0.9274207614832348,9.207151149359458,6635
square_77309411332,-37.76473293675027,144.85090490389857,68.79567305070883,74.1026499096648,38.849999999999994,25.624455454586116,14.747161251121822,24.7,3.052658812544728,1.3225318014943221,8.549754718102509,7336
square_77309411361,-37.75785338378804,144.7396071618573,59.1811778593914,40.400901657828406,48.8,38.132407457125524,23.58470966337689,33.849999999999994,4.543624517354735,0.9445631087920714,25.38869147848898,3812
square_77309411363,-37.758002077005735,144.7430489161891,74.41481017191977,66.06405264852138,53.925,35.698049155511285,20.483894122083072,33.2,4.25395317536712,0.7627009980669179,30.24892163037249,2792
square_77309411365,-37.759652387374466,144.74895452654232,91.04250358680058,73.45291376715701,68.72500000000001,26.328952654232424,15.373162367307701,26.9,3.1369110921807746,0.9938287782110403,46.507841164992826,697
square_77309411367,-37.75695540188679,144.75992073169812,181.7830566037736,123.75180012569275,153.625,20.749945857900943,12.649659776738737,20.2,2.472583092570755,0.6495885692580091,6.423047695094339,2650
square_77309411369,-37.75601567044718,144.76497362605315,160.50371840570318,117.37535719151907,125.75,30.916244329228775,19.521822660572745,28.1,3.684208560332955,0.6958242633264845,7.021595143227479,3086
square_77309411371,-37.75682899449965,144.77247801295246,82.379554648687,69.3009016747374,62.0375,36.41115393785486,17.951312065300637,35.0,4.338746818721168,0.7030082933768466,7.550360506032646,5636
square_77309411373,-37.757422495207095,144.7773975114849,97.7401275094954,86.2886455313463,64.10000000000001,26.18748897856755,19.878934208297366,25.0,3.120232188376063,0.8538121587882244,25.471582655814796,5529
square_77309411375,-37.75669202730899,144.7875779812826,138.25377416385393,105.27248763836164,99.025,13.786651136755905,13.399567050480728,16.18,1.642641243479595,0.8650460097471432,11.809823257440932,3259
square_77309411377,-37.756044280085405,144.79378344875775,134.7178280279503,83.73817718048511,104.38749999999999,25.897794667119562,13.109542028408772,25.4,3.086193290378737,0.4377985677461118,12.78405620031056,5152
square_77309411379,-37.75681398738524,144.80216822180952,117.36615372485808,91.1490435516308,81.425,27.868489390790348,16.473720885972416,27.3,3.3210018864649764,0.6754852878288031,7.998380453570678,14269
square_77309411381,-37.75735650858779,144.80806739305027,137.05117763994912,104.97302566019138,87.9875,27.606473539318443,13.751268144342998,26.7,3.2896034997838144,0.6172286780387678,7.626630985687023,12576
square_77309411383,-37.756628548544874,144.81491592247494,182.250892638787,116.32952516881056,146.25,21.943545750603754,10.983741825265454,21.5,2.6147265672765347,0.7458898078544024,6.584521266813401,4089
square_77309411385,-37.75705429399774,144.82351570849377,120.93590600226501,102.78989928368692,76.05,31.52263422812854,17.321983369923664,28.975,3.756048257449745,0.8069470476272694,43.749190901472254,8830
square_77309411387,-37.75651460086534,144.82945615521905,132.35839147286822,107.11302034243204,87.94999999999999,24.01606827170092,14.230680063310597,21.4,2.8613980952541915,0.8966056201983693,21.76486292410312,5547
square_77309411389,-37.75445291489361,144.8381805531915,196.3,134.5471361561668,158.0,71.27553191489362,16.36582093326245,71.6,8.495759640957447,0.22768461191245243,21.97528034042553,47
square_77309411391,-37.75778311314286,144.84771096114287,183.1708857142857,107.69393502663046,175.0,23.649773794642858,10.643981983349018,22.4,2.8183481473214287,0.3811766874521399,5.922065261714285,875
square_85899345923,-37.74854112997904,144.73768576939202,111.15235849056604,93.98240978611504,72.14999999999999,37.82041928721174,22.98604024277162,35.2,4.506471517950734,0.5480785951400521,42.1448574591195,477
square_85899345924,-37.748182810289386,144.74326671061092,124.76310289389066,94.13683431975079,80.95,48.33340836012862,24.8718372790578,43.2,5.759685364750804,0.752765040587536,49.921648527331186,311
square_85899345926,-37.74684478807947,144.74849843708608,107.55960264900662,64.57521143731853,84.975,22.893245033112585,16.2974642015118,21.6,2.7277361858443707,0.5206194714812888,33.58470765562914,151
square_85899345928,-37.74944408044244,144.76070969884364,153.93116578682756,115.71275666324668,112.0,31.73688996021085,19.702059237303086,32.0,3.7821646374395113,0.45768554996823807,5.42632228959276,3978
square_85899345930,-37.749380174134075,144.7657136426257,148.9648163407821,116.77784574093477,94.7625,28.987238039018855,19.04571864013449,28.075,3.454128947712989,0.7077232920490627,6.286840275083798,17900
square_85899345932,-37.74985341771679,144.77208548716513,99.19655068608233,82.30324165696048,67.55,32.414556030056936,16.404436230726667,31.6,3.863105118707995,0.9035872187154889,6.984333174647625,10713
square_85899345934,-37.74975438902852,144.7796719711507,79.25638564091356,62.89494426633654,61.224999999999994,31.859624396411593,14.547466893031096,30.6,3.79613520935212,0.8583456550737629,19.348570957053873,9151
square_85899345936,-37.74860877683833,144.78601788880349,93.55956956187548,76.3018964462108,67.15,26.701933158387778,13.4723943542803,25.6,3.1820198079802395,0.8026464617264766,7.353906700486805,3903
square_85899345938,-37.747904591864405,144.7950927683051,70.37065254237288,49.471740380171006,59.25,29.85649353151483,12.27420078786442,28.5,3.5580767098119703,1.1568176569211304,5.9453933586440675,5900
square_85899345940,-37.74981861190713,144.80209338253698,59.62373355166969,40.22838212820899,57.0,30.729689871300955,14.922619727816828,29.3,3.6616436964972365,1.1497061500722927,5.292045105327797,17099
square_85899345942,-37.75005568738158,144.8074386938234,116.74597385373248,107.18819955703475,67.05,25.91380826070481,10.536376481060099,24.3,3.0872781919050776,0.957690225417417,7.676679654414551,2639
square_85899345944,-37.74950255484097,144.81756484892423,187.5044872544434,117.48806819896096,174.25,22.707046021763915,12.463540847262065,21.1,2.7058787715044725,0.5395341247493416,7.20136751777362,8552
square_85899345946,-37.74924827422897,144.8227432991502,180.08505681275662,119.65194009567296,157.25,24.89650228377435,13.069556407283704,23.1,2.9666497276478805,0.725389182377609,8.863716385753843,10473
square_85899345948,-37.74985615878296,144.8308367491278,124.59943813387423,101.62876834657695,81.05,33.118139553752535,19.56905127464476,30.7,3.946347743407708,0.7103674415218283,30.214063089006082,12325
square_85899345950,-37.7496451203887,144.83855022206225,100.85919560914164,97.09259622746434,57.900000000000006,27.0911004174071,19.421540073115523,26.4,3.2283006775660206,0.9298076157081846,33.43362709519525,5557
square_85899345984,-37.743938458015265,144.7364860667939,62.95620229007634,40.38892153757712,56.6125,42.65057251908397,20.677222956518687,37.150000000000006,5.081520008349237,0.9011886628198722,44.85733441221374,524
square_85899345985,-37.745523642857144,144.74107060204082,69.95102040816326,56.70252088961029,60.65,47.10591836734694,22.547683669029695,42.55,5.61344746492347,0.8292284431464823,57.75796493877551,98
square_85899345986,-37.74196048214286,144.749387425,110.92205357142856,84.67987108518935,73.0875,36.06428571428572,19.953534326140197,31.9,4.297361049107143,0.5731854686054496,57.99282027142857,280
square_85899345987,-37.74495486262266,144.76112570651202,100.16349241748438,78.5014428588946,73.075,24.4778590544157,13.637595444923646,23.44,2.9160997086864406,1.2967124707325852,6.061488613737734,1121
square_85899345988,-37.74221601923196,144.76578745356412,94.68246076059309,70.73233093496559,70.60000000000001,26.304582506959953,13.783797509169613,26.5,3.1343148395333147,1.093665896697528,6.207946166635648,16119
square_85899345990,-37.74274305995204,144.7719724621757,91.05905893467045,71.86242727613667,68.22500000000001,30.304569446715355,17.18753515164475,28.490000000000002,3.6116887832063895,0.6675933845098598,6.9688499001526045,13761
square_85899345992,-37.74242480731604,144.7794193199348,88.99825499787325,74.98690794287958,64.0,27.986875628611052,17.537229737560015,27.8,3.33518097698342,0.7441252104689599,13.496593633063945,14106
square_85899345994,-37.74379287231353,144.7867469207152,86.87231443019685,81.9728947076824,53.425000000000004,21.20610489660466,15.733792393296913,20.78,2.527015136806935,0.8454677179676212,8.982713756908073,5537
square_85899345996,-37.74444489830784,144.79507687373902,65.85824520013017,51.459637014932575,49.0,29.569148747661078,12.155670448875396,28.1,3.523732413612512,1.2426724726453482,8.194461774162056,6146
square_85899345998,-37.74181912521151,144.80205200300807,63.75945243466818,64.2674622240717,39.55,27.96601909777302,13.262037605606814,27.39,3.3321841915479884,1.268919397222946,8.306256385410792,21276
square_85899346000,-37.743653772669674,144.80885499916846,122.55890175813732,110.38938533627216,72.45,33.70432686251435,20.62935477583809,30.5,4.01669379417617,0.6778404554397716,12.339699922863705,25254
square_85899346002,-37.74277041702617,144.8162757763877,175.2530442910555,121.69219093071757,148.25,30.370883287721096,18.71902799105749,26.6,3.6193404116560615,0.7011047347602039,16.39744421225194,6954
square_85899346004,-37.74185763026225,144.82335704201174,111.20240683229814,98.7700841884457,68.45,35.46609989648034,16.68893264502942,32.5,4.225732263495298,0.9448157503318941,10.14901400069013,11592
square_94489280512,-37.74421794054581,144.8280697797271,67.23795808966862,68.09982369517809,42.025,30.957183235867447,16.895154212465116,30.0,3.6882279483430795,1.03773543523348,37.94519478362574,1026
square_94489280514,-37.74561920861678,144.84033464852607,130.071768707483,112.92744940457858,78.64999999999999,22.309138321995466,17.641006366402685,23.04,2.6582874503968257,0.5914865202585271,91.34715769614512,441
square_94489280516,-37.74314062178336,144.84503560023938,129.44736684619988,112.07618066410883,79.375,20.59293086802439,18.477826488190846,20.3,2.454117908671828,0.7166149308864408,87.71129965050866,1671
square_94489280518,-37.739660387965614,144.85066241203438,107.47643266475644,95.77674674237451,71.525,26.490497022743554,22.275196425087206,24.5,3.157118497045129,1.4125718275146004,44.37226646647565,1745
square_94489280554,-37.737056714285714,144.73959371428572,76.82142857142857,51.341934672861534,49.75,13.471428571428573,9.263221953099308,19.0,1.6035379464285715,0.706393548972284,54.53081714285714,7
square_94489280555,-37.73373376136363,144.742259375,35.82613636363636,20.005284111254102,32.275,22.908977272727274,6.167111703066374,21.9,2.728563565340909,1.3324523880058967,20.929031090909092,88
square_94489280556,-37.73524493055555,144.7488766472222,124.39756944444444,93.89547789322653,77.5875,38.987027777777776,16.184443829199314,37.75,4.645895833333333,0.4617950052041598,55.82802555555555,360
square_94489280558,-37.73726754832519,144.76623306821355,97.41017533147243,81.33819153631971,67.9,25.549336325944257,9.559124199824309,25.26,3.044537613330317,1.4668664698736826,5.8706690809490585,5732
square_94489280560,-37.7363241477241,144.77212229712373,182.01628734990226,121.95410444351101,147.25,25.070898148430956,17.109968285576684,23.2,2.987901440545588,0.6536097700755138,6.871021366098855,3581
square_94489280562,-37.73546820290041,144.78035216632446,140.46799602156057,109.52176373080512,98.4,24.151803720462492,14.406817068024678,23.8,2.8780845601357963,0.5394520295787668,14.469191608829568,7792
square_94489280565,-37.734854566710126,144.7871317940026,87.88781562364188,87.46684833593363,48.375,26.63445835370491,11.340624106769218,26.424999999999997,3.173565940674571,0.8685366888090086,6.093950866579748,4602
square_94489280567,-37.73514966185977,144.7953566911984,98.6129574838389,96.9356773069293,50.75,24.90455224131858,14.83399666923575,25.5,2.9674215318353223,0.7820904035835277,6.951215082380242,6033
square_94489280569,-37.736169345791765,144.80193055662497,108.5905154910777,103.14183070785248,59.725,22.780589617618904,14.313709696067082,22.6,2.7144489872675024,0.8182914203151209,7.2974389568638465,14234
square_94489280571,-37.735147650442,144.80904620039408,114.75884279475981,101.76155585927441,67.8375,26.922782567615695,14.263300178872404,25.7,3.2080422943404514,0.7102646767335608,6.81305865970817,18778
square_94489280573,-37.735215222501495,144.81594881160981,148.57329533213644,112.06932065554899,106.88749999999999,25.9466384836924,13.126070521945307,24.7,3.0916996763493043,0.658041645874193,8.073078026331537,16710
square_94489280575,-37.73568309368128,144.8232779686996,81.45007330303474,81.30809959573072,49.3625,35.35929189268436,14.88124815524045,33.5,4.213109821117688,0.8515898252309426,9.153651594780824,13642
square_94489280577,-37.73633452677236,144.82875941669158,47.397178432545616,31.87166100806045,40.65,44.35969189350883,21.132350188068692,41.3,5.285829321530063,0.632884743086012,8.328513249177385,3343
square_94489280583,-37.736874245212945,144.84993971690326,73.31388432651039,72.10892831182007,45.775000000000006,33.95052548992551,25.609241791782473,31.9,4.045806568406446,0.8329379747213064,30.15874511852096,12116
