kmeans_cluster,datetime_hour,svr1,upload_bitrate_mbps,download_bitrate_mbps,target_latency,target_throughput,latency_lag_1h,throughput_lag_1h,latency_rolling_3h,throughput_rolling_3h,latency_rolling_6h,throughput_rolling_6h,hour_sin,hour_cos,dow_sin,dow_cos,hour_of_day,day_of_week,zone_count
0,2022-07-03 19:00:00,48.95446182152714,11.713696682464455,15.449789473684213,68.08908864767074,26.18942857142857,69.98306451612903,27.33466228893058,69.98306451612903,27.33466228893058,69.98306451612903,27.33466228893058,-0.9659258262890684,0.2588190451025203,-0.7818314824680299,0.6234898018587334,19,6,15
0,2022-07-03 20:00:00,40.72360530842959,12.843374494410245,14.37666944884585,51.14852703711927,25.929617981018872,40.98523588402197,25.895755801999535,43.43501344200174,25.316654665671365,43.43501344200174,25.316654665671365,-0.8660254037844386,0.5000000000000001,-0.7818314824680299,0.6234898018587334,20,6,12
0,2022-07-03 21:00:00,42.113066196631415,11.494579231129865,13.520029091660923,64.07514666715203,23.444086893603085,45.110814491685105,27.673958027447718,49.22860564826555,25.337292886501412,49.22860564826555,25.337292886501412,-0.7071067811865477,0.7071067811865474,-0.7818314824680299,0.6234898018587334,21,6,12
0,2022-07-03 22:00:00,47.23794671864847,10.096153846153847,14.442312121212122,56.73869047619048,24.178217753120663,57.09253865303984,26.450478100066487,54.99057356355183,25.839739507848982,54.133202185949905,25.8319886932076,-0.5000000000000004,0.8660254037844384,-0.7818314824680299,0.6234898018587334,22,6,28
0,2022-07-03 23:00:00,36.82145098039216,11.497302904564314,13.503333333333332,69.45112359550562,26.266078055245536,52.723958333333336,25.68059079861111,53.37318633005998,25.70970778443114,52.86545269423559,25.70970778443114,-0.2588190451025215,0.965925826289068,-0.7818314824680299,0.6234898018587334,23,6,37
0,2022-07-04 00:00:00,117.86296760317563,7.749189540423378,11.944172812793141,87.119260989011,23.419822305974314,63.68398589858985,27.24718655513299,91.1675958047721,22.08491892318769,86.15349489604704,23.80545147336241,0.0,1.0,0.0,1.0,0,0,10
0,2022-07-04 01:00:00,97.39595032553655,12.181762951507787,12.537335277665791,49.738776676048396,27.690456673565436,77.29274234433046,20.293830558125194,83.58678280167129,22.908640045999377,62.29434958786891,22.72665642832023,0.2588190451025207,0.9659258262890684,0.0,1.0,1,0,10
0,2022-07-04 02:00:00,53.31666666666667,10.9375,13.684305513822116,83.45431547619049,32.518686730506154,69.98306451612903,24.407864077669903,69.51165843396866,24.36938557627578,69.14068671879768,24.36938557627578,0.4999999999999999,0.8660254037844387,0.0,1.0,2,0,31
0,2022-07-04 03:00:00,67.79167140189949,12.215343853949099,22.803381433682,50.59848787878788,21.599266666666665,63.39881810897436,24.831135760913916,74.30238928673208,29.45361644282336,76.13740458026052,29.341212697134104,0.7071067811865476,0.7071067811865476,0.0,1.0,3,0,38
0,2022-07-04 04:00:00,47.3025641025641,0.0,0.0,61.63488493723849,25.87187782527516,94.38529411764704,37.8219018404908,79.94833020637898,21.65239064537158,69.00238369670335,22.482868565773664,0.8660254037844386,0.5000000000000001,0.0,1.0,4,0,13
0,2022-07-04 19:00:00,42.8392,10.892367149758453,14.791764705882352,68.1819105691057,27.828404840484048,51.46973684210526,20.35892620278777,68.2688576283962,22.88344516810981,61.51683062901952,23.58034176878014,-0.9659258262890684,0.2588190451025203,0.0,1.0,19,0,25
0,2022-07-04 20:00:00,40.30605007664793,11.15253125,10.26573412202456,50.693530912774165,24.86965381804896,55.732710204081634,24.561384116378548,61.34968788787826,23.646364883649134,64.35032437952151,23.695762442723456,-0.8660254037844386,0.5000000000000001,0.0,1.0,20,0,16
0,2022-07-04 21:00:00,43.19378571428572,12.117292025243833,14.477282635004302,57.90743887530562,25.54306880457261,54.07498786407767,24.3659428359317,60.59337775741364,24.285930105825308,64.62494302417197,22.91374871618188,-0.7071067811865477,0.7071067811865474,0.0,1.0,21,0,13
0,2022-07-04 22:00:00,47.50176385136117,10.749914782814535,13.280363555735448,61.84575,23.294322185104164,61.65591486594637,28.067690315198696,63.984122952524345,24.561384998136823,63.40809573411761,25.315269998173335,-0.5000000000000004,0.8660254037844384,0.0,1.0,22,0,38
0,2022-07-04 23:00:00,43.42471264367816,10.218374699759808,12.7252,62.68360655737705,28.64197424892704,62.12272727272728,22.91134110787172,64.4808064516129,24.65821908923457,63.99482115060937,23.92931868225872,-0.2588190451025215,0.965925826289068,0.0,1.0,23,0,41
0,2022-07-05 00:00:00,40.53957055214724,10.555263157894736,12.739999999999998,62.999871794871794,27.70610586431962,59.94307228915663,24.76621212121212,58.107958402865904,24.70053831393402,53.53907683093371,24.45128753753754,0.0,1.0,0.7818314824680298,0.6234898018587336,0,1,25
0,2022-07-05 01:00:00,32.901968523002424,10.207189152311104,15.127908107553804,47.99220410935642,29.635695199516753,45.74962958675773,27.09686453773714,57.712008605357795,25.895195855660333,57.24713598614618,24.773898619667662,0.2588190451025207,0.9659258262890684,0.7818314824680298,0.6234898018587336,1,1,26
0,2022-07-05 02:00:00,51.54953815261044,10.709756140569247,20.571181890880013,66.76375412541253,36.30696205733558,58.41513253638254,24.9285187007874,62.53605748248681,26.821571119582757,68.32186989429559,25.809438536468797,0.4999999999999999,0.8660254037844387,0.7818314824680298,0.6234898018587336,2,1,44
0,2022-07-05 03:00:00,63.38217821782179,7.986170212765958,35.55,49.17215639810427,27.417356321839083,67.8384375,31.52854430379747,65.2100571499936,37.64020210050042,75.1014558442898,30.53305693922475,0.7071067811865476,0.7071067811865476,0.7818314824680298,0.6234898018587336,3,1,29
0,2022-07-05 04:00:00,35.38179218303146,4.1084382871536524,13.88497061293031,45.44302734375,99.25257142857144,61.70084905660377,0.0,47.90980625539179,15.273937913522673,58.01686946241401,34.3673243412454,0.8660254037844386,0.5000000000000001,0.7818314824680298,0.6234898018587336,4,1,1
0,2022-07-05 05:00:00,41.453125,20.60535211267605,78.56,46.537091280653954,31.06765269461078,40.691110581506194,17.993408900083963,49.27832899395332,39.08199344288513,56.53076307009327,45.50722659688449,0.9659258262890684,0.2588190451025207,0.7818314824680298,0.6234898018587336,5,1,1
0,2022-07-05 19:00:00,40.152232142857144,11.592674863387977,20.350716300056398,49.81780072062084,38.488285472972976,46.206858499461205,37.648790760869566,45.59721636190457,36.64318748129212,47.178201970443354,34.28445982709292,-0.9659258262890684,0.2588190451025203,0.7818314824680298,0.6234898018587336,19,1,24
0,2022-07-05 20:00:00,41.74126984126984,11.8975,19.566012015427216,63.8393784786642,27.81,48.7296875,31.16917657238924,55.33091253698225,32.4596551724138,55.33091253698225,31.887222222222224,-0.8660254037844386,0.5000000000000001,0.7818314824680298,0.6234898018587336,20,1,41
0,2022-07-05 21:00:00,51.2530534351145,9.793190376569038,11.993651877133106,69.42474890144382,25.9667572647486,68.50507936507937,23.834866628339213,61.44278233096859,24.441469525642376,61.44278233096859,24.441469525642376,-0.7071067811865477,0.7071067811865474,0.7818314824680298,0.6234898018587336,21,1,15
0,2022-07-05 22:00:00,38.59683357879234,10.201439789037199,14.03931796387613,61.67846858032355,23.97550940489831,67.23636350041254,27.397757072763333,65.16205280599719,26.684727078011996,65.14391277131574,26.113372884296304,-0.5000000000000004,0.8660254037844384,0.7818314824680298,0.6234898018587336,22,1,36
0,2022-07-05 23:00:00,41.940000000000005,10.774451939291737,15.04868243018617,67.62034609334033,30.404347826086955,55.93452380952381,25.514926174496644,58.372043178881846,26.485559888200573,59.19984119274554,27.04303592046832,-0.2588190451025215,0.965925826289068,0.7818314824680298,0.6234898018587336,23,1,51
0,2022-07-06 00:00:00,40.00625,13.432432432432432,16.395614035087718,53.40214007782102,29.267857142857142,68.52957436399218,25.477235294117644,67.91413200209838,28.934205607476635,68.28595328841038,29.896865353037768,0.0,1.0,0.9749279121818236,-0.2225209339563143,0,2,37
0,2022-07-06 01:00:00,41.39568965517241,13.324728260869565,15.48123552123552,84.7875,33.3284276126558,65.26431790865385,25.258243243243243,65.49672739052566,28.73721934590391,66.29545454545455,28.73721934590391,0.2588190451025207,0.9659258262890684,0.9749279121818236,-0.2225209339563143,1,2,19
0,2022-07-06 02:00:00,49.840569463869464,11.300806950509461,14.600364064618475,45.62644172705314,32.181177002427184,53.66432277481207,28.727403846153845,62.754556258049554,27.43910609769065,64.39964875524426,29.895039690278935,0.4999999999999999,0.8660254037844387,0.9749279121818236,-0.2225209339563143,2,2,42
0,2022-07-06 03:00:00,55.764820846905536,11.966216216216216,24.476530612244897,65.00278350515464,32.675466666666665,56.70217391304348,32.43151515151515,65.13336650368812,32.29391463234796,71.42185239590563,31.97549051731169,0.7071067811865476,0.7071067811865476,0.9749279121818236,-0.2225209339563143,3,2,39
0,2022-07-06 04:00:00,36.57333333333334,14.125179856115109,69.02857142857142,42.49935616438356,25.292027027027025,64.24984527687296,30.513037059294877,70.77205062205063,53.0815233994368,63.59490595936979,40.61951938204883,0.8660254037844386,0.5000000000000001,0.9749279121818236,-0.2225209339563143,4,2,13
0,2022-07-06 05:00:00,21.91904761904762,0.0,0.0,73.40299342105263,54.15901325478645,44.39653344208809,26.873429951690824,41.81037940716661,21.28617122791608,38.0206005710462,24.230473675014323,0.9659258262890684,0.2588190451025207,0.9749279121818236,-0.2225209339563143,5,2,1
0,2022-07-06 19:00:00,46.156748633879786,11.642050752792617,16.96727967032967,80.15100817079599,34.557861519938186,72.84162946428572,37.0673922838637,72.46713987572028,34.53911040509778,73.82267680395499,34.545982059051475,-0.9659258262890684,0.2588190451025203,0.9749279121818236,-0.2225209339563143,19,2,22
0,2022-07-06 20:00:00,38.97548209366391,13.158653846153848,23.04386967028601,79.1167222963952,33.04686774941995,57.68988095238095,31.05857451403888,58.884029733732405,32.12605610184372,69.48253750659808,32.12605610184372,-0.8660254037844386,0.5000000000000001,0.9749279121818236,-0.2225209339563143,20,2,11
0,2022-07-06 21:00:00,39.93383458646616,13.325986078886311,15.33375448028674,43.277040816326526,29.858540045766592,51.11818181818182,27.388082352941176,44.43856451023392,31.074075280017027,60.66105788109636,31.074075280017027,-0.7071067811865477,0.7071067811865474,0.9749279121818236,-0.2225209339563143,21,2,17
0,2022-07-06 22:00:00,41.04,11.82283464566929,17.304271844660192,64.82777777777778,26.166764705882358,65.88447580645162,29.472403560830863,59.870451322534656,30.795146767715877,61.59673718062164,28.158693161506974,-0.5000000000000004,0.8660254037844384,0.9749279121818236,-0.2225209339563143,22,2,35
0,2022-07-06 23:00:00,48.27692307692308,11.78512241054614,16.07764705882353,42.84450549450549,10.566666666666666,52.45898876404495,30.3566091954023,68.16547015588742,29.751258699860813,71.71846802951501,29.68333900853827,-0.2588190451025215,0.965925826289068,0.9749279121818236,-0.2225209339563143,23,2,37
0,2022-07-07 00:00:00,91.68139796455719,13.178506115317415,18.945920962672673,137.10318712325255,37.99691206941207,68.05149022108844,28.59451846997551,81.79372807676509,29.655462991420997,72.94802190115004,30.7085413159709,0.0,1.0,0.4338837391175582,-0.900968867902419,0,3,8
0,2022-07-07 01:00:00,40.20837028824834,1.067872340425532,4.719802009456265,66.04073795180723,39.93981443298969,83.27159455128205,26.491000684862016,65.34076735144151,23.852648868717104,74.134630112566,27.155114125783264,0.2588190451025207,0.9659258262890684,0.4338837391175582,-0.900968867902419,1,3,30
0,2022-07-07 02:00:00,68.37484076433121,12.055555555555555,29.33125,74.7561475409836,69.62045454545454,49.049707207207206,9.83,73.77420582600855,28.575190854119427,71.90830129813172,32.241968177055256,0.4999999999999999,0.8660254037844387,0.4338837391175582,-0.900968867902419,2,3,37
0,2022-07-07 03:00:00,68.18105263157895,23.035111989459814,55.2531746031746,67.46976379598662,26.214319195055964,69.52150596982524,42.41007894736842,62.93583652849824,45.1974093486058,62.951521939284866,40.02705989430201,0.7071067811865476,0.7071067811865476,0.4338837391175582,-0.900968867902419,3,3,28
0,2022-07-07 05:00:00,31.168115942028983,24.074213836477988,55.89811320754716,68.25268404907976,107.91175617375815,91.40437279151944,68.64947368421052,66.99699926117178,62.449477184202806,57.92480966333156,44.73014579318095,0.9659258262890684,0.2588190451025207,0.4338837391175582,-0.900968867902419,5,3,1
0,2022-07-07 18:00:00,19.85,24.074213836477988,55.89811320754716,63.7817853705486,51.35248520710059,68.25268404907976,107.91175617375815,63.552946254643366,94.90225394754452,66.37393180634389,70.26792513169174,-1.0,-1.8369701987210294e-16,0.4338837391175582,-0.900968867902419,18,3,1
0,2022-07-07 19:00:00,36.13461286452565,11.383438717410847,17.293878306878305,60.40529165021714,23.608947368421056,70.70041990291261,38.0178584043788,69.47059404122291,38.60174666769194,66.20892800542478,36.68923797117359,-0.9659258262890684,0.2588190451025203,0.4338837391175582,-0.900968867902419,19,3,32
0,2022-07-07 20:00:00,84.94117647058823,10.096153846153848,14.574801587301588,81.71340206185566,24.56937142857143,70.80533980582524,33.375238095238096,73.43835616438356,27.83078375647341,73.13369288854435,29.304246638445637,-0.8660254037844386,0.5000000000000001,0.4338837391175582,-0.900968867902419,20,3,11
0,2022-07-07 21:00:00,55.41464631100294,12.11111111111111,12.323102380952381,79.37968337395897,27.64955024018822,77.46950443687159,25.387431250374988,74.89052246912946,29.513415108291014,74.89052246912946,29.219203392484154,-0.7071067811865477,0.7071067811865474,0.4338837391175582,-0.900968867902419,21,3,12
0,2022-07-07 22:00:00,72.22619047619048,10.158536585365852,15.31131149622678,78.51162790697674,27.161723547149123,74.10526315789474,26.680974803800083,79.12572272300196,24.30898521125756,77.02222782323395,27.329028364130053,-0.5000000000000004,0.8660254037844384,0.4338837391175582,-0.900968867902419,22,3,25
0,2022-07-07 23:00:00,58.13953488372093,12.417279411764707,16.617807807166095,95.77142857142857,32.7068,95.32340658076393,26.36422337398303,94.3826119593517,27.734420538230573,79.5071885191842,27.22889285337382,-0.2588190451025215,0.965925826289068,0.4338837391175582,-0.900968867902419,23,3,26
0,2022-07-08 00:00:00,72.88380952380953,11.8375,22.626715719063547,101.70988372093024,32.407925903614455,80.46551447432171,26.668729420633383,101.79051942113865,30.648477355514373,91.67408043888236,30.948864127072635,0.0,1.0,-0.433883739117558,-0.9009688679024191,0,4,18
0,2022-07-08 01:00:00,25.82686974789916,0.0,0.0,64.92708696599826,33.90512805957949,57.84285481922112,28.363581190898344,55.68560543482669,31.365638951419136,55.594699167774536,30.346861824262156,0.2588190451025207,0.9659258262890684,-0.433883739117558,-0.9009688679024191,1,4,18
0,2022-07-08 02:00:00,64.16010660980811,9.858086582947784,19.994046197253553,70.07133838383838,33.304838709677426,62.76946411384573,32.96936958234831,81.40066404386464,38.63537739356688,80.98519694046601,34.59787920449647,0.4999999999999999,0.8660254037844387,-0.433883739117558,-0.9009688679024191,2,4,34
0,2022-07-08 03:00:00,49.43333333333334,10.5,23.725806451612904,51.11682989690722,24.484513274336283,99.125,28.341724137931035,87.7106411413259,33.335531891964706,88.87474049214676,39.314093421864094,0.7071067811865476,0.7071067811865476,-0.433883739117558,-0.9009688679024191,3,4,27
0,2022-07-08 04:00:00,16.194006309148264,12.488693586698338,34.497166666666665,75.17977081384471,38.88058600127551,52.24668711656441,47.03208333333333,64.33088482311491,47.00407738095238,63.43733991223144,63.7982052050173,0.8660254037844386,0.5000000000000001,-0.433883739117558,-0.9009688679024191,4,4,1
0,2022-07-10 19:00:00,45.146831896551724,12.723866379310344,20.64976037823343,58.50941929133859,26.969024691358022,69.20429656357388,33.304838709677426,78.6089102864807,33.87661482288422,82.71305525654549,33.64024836349374,-0.9659258262890684,0.2588190451025203,-0.7818314824680299,0.6234898018587334,19,6,24
0,2022-07-10 20:00:00,44.656666666666666,12.698395245170875,13.786865439248253,51.601764705882346,25.99843655589124,48.58423913043478,27.96884544361888,63.135313029461294,26.801749735533765,64.58064735128322,27.931995665685275,-0.8660254037844386,0.5000000000000001,-0.7818314824680299,0.6234898018587334,20,6,13
0,2022-07-10 21:00:00,50.129171934260434,11.05582165659869,14.296722274972987,65.39770855734767,29.231039258654775,47.630722891566265,24.89363685881474,56.269131068138044,27.257497385854407,59.87768513616296,24.771410340994457,-0.7071067811865477,0.7071067811865474,-0.7818314824680299,0.6234898018587334,21,6,12
0,2022-07-10 22:00:00,43.435057471264365,11.367350993377483,13.181839762611276,47.88461538461539,24.643813559322037,60.74784090909091,27.162526636225262,65.70132276432423,27.32720957895224,62.279740067314144,29.559890455718094,-0.5000000000000004,0.8660254037844384,-0.7818314824680299,0.6234898018587334,22,6,33
0,2022-07-10 23:00:00,43.37194029850747,8.518060101392784,10.824334386103434,50.127230649946064,27.063212583693115,55.41133333333333,24.729908027567465,66.46104163549623,25.869183886428132,68.9679356376673,27.68395763368699,-0.2588190451025215,0.965925826289068,-0.7818314824680299,0.6234898018587334,23,6,36
0,2022-07-11 00:00:00,38.92144458455934,11.733051469106442,14.398121881056202,66.5666630095854,34.390806623931624,52.343547880690735,19.08023368016579,62.64237206677993,24.22456840631864,67.14276461902385,28.892920360400133,0.0,1.0,0.0,1.0,0,0,32
0,2022-07-11 01:00:00,45.4575221238938,11.128,15.523255840412622,45.49178571428572,31.471007751937982,45.72894736842105,27.36173553719008,49.897837651857145,25.661088005078067,57.03920743925074,26.30534823870684,0.2588190451025207,0.9659258262890684,0.0,1.0,1,0,23
0,2022-07-11 02:00:00,40.51926910299004,13.185286458333334,19.994943807499304,66.25913336792942,69.11451329937748,52.46323384063675,29.327748124951075,60.952087599847914,30.298389094650208,76.1808430195615,30.29504373304796,0.4999999999999999,0.8660254037844387,0.0,1.0,2,0,40
0,2022-07-11 03:00:00,59.16595744680851,16.746434782608695,62.0,61.69712025316456,26.92828947368421,61.54166666666666,34.45930555555556,67.6817410000331,47.09134671755544,77.23664771434261,38.266791441236144,0.7071067811865476,0.7071067811865476,0.0,1.0,3,0,29
0,2022-07-11 04:00:00,29.82714416058394,12.852008771929825,36.05812115891133,66.4440243902439,107.91175617375815,36.8007858649789,80.0464347826087,43.41426476925113,55.31989740070077,51.26248315430996,50.37447230734223,0.8660254037844386,0.5000000000000001,0.0,1.0,4,0,1
0,2022-07-11 18:00:00,30.096097560975608,30.144628099173552,83.32479338842974,74.32151422197435,87.22818181818181,34.500669860097325,48.90297629499561,45.91516003844004,80.80627752173588,53.62870603325653,63.66193993819623,-1.0,-1.8369701987210294e-16,0.0,1.0,18,0,1
0,2022-07-11 19:00:00,34.9628947368421,14.0875,10.056726495726496,51.296627844838426,27.99830601619458,57.39398498612162,45.68181818181818,58.04390953235563,35.48222544964905,58.10338392344103,29.801821953296137,-0.9659258262890684,0.2588190451025203,0.0,1.0,19,0,24
0,2022-07-11 20:00:00,36.461851954789694,13.46870627371485,17.882262790214874,68.60315505997941,28.318148931000316,61.83412946428571,24.157852588147037,64.13805375835081,32.223818790591885,63.52880554093254,27.216087402419085,-0.8660254037844386,0.5000000000000001,0.0,1.0,20,0,14
0,2022-07-11 21:00:00,67.50928725701944,13.420529801324504,13.963605150214592,68.40797297297297,27.255984455958547,60.51121768140116,27.46757588781085,70.41741151549351,29.82136968207827,68.26986147211363,29.162271633301017,-0.7071067811865477,0.7071067811865474,0.0,1.0,21,0,13
0,2022-07-11 22:00:00,41.65074626865672,12.970588235294118,15.73764705882353,51.01615384615385,27.16187089715536,59.52352941176471,26.722564102564103,55.390754276121775,32.10041841237919,53.28934990270631,30.14008937590096,-0.5000000000000004,0.8660254037844384,0.0,1.0,22,0,27
0,2022-07-11 23:00:00,39.78825045357084,10.58080816110228,15.32103921001524,57.47091097308488,23.176161518661523,64.04520192109068,31.200615763546796,65.11232520459863,31.5521245695796,61.76399430212943,31.184325731426405,-0.2588190451025215,0.965925826289068,0.0,1.0,23,0,54
0,2022-07-12 00:00:00,42.25,10.5,11.54837837837838,60.40721649484536,29.40833333333333,54.849851079672376,27.46847222222222,60.06350548189415,30.550098852431763,57.22950058492892,32.503331150000726,0.0,1.0,0.7818314824680298,0.6234898018587336,0,1,35
0,2022-07-12 01:00:00,43.01315789473684,9.70890410958904,13.318115154065584,61.545512820512826,34.478,43.316356382978725,25.12221824686941,52.80426664959273,25.485960130343116,56.06964984606779,29.447539919065125,0.2588190451025207,0.9659258262890684,0.7818314824680298,0.6234898018587336,1,1,23
0,2022-07-12 02:00:00,57.77849490691956,10.5,20.31329402515723,62.80351731601732,54.066584515844426,54.89990701999071,21.938202172087237,64.657395897689,26.53033918448356,63.25376971913737,31.857563616226326,0.4999999999999999,0.8660254037844387,0.7818314824680298,0.6234898018587336,2,1,38
0,2022-07-12 03:00:00,44.7008695652174,14.96641791044776,44.7,57.31136363636363,35.16153846153846,63.95084745762712,34.053548387096775,67.71400679196864,35.894797908963405,65.769633742212,40.20366401264432,0.7071067811865476,0.7071067811865476,0.7818314824680298,0.6234898018587336,3,1,29
0,2022-07-12 04:00:00,66.95460168697282,15.25923469387755,47.89232142857143,86.79645161290323,97.3332584269663,33.95738202811245,54.614512315270936,53.80623316377768,50.60653894160556,59.03751666620364,37.36526355243032,0.8660254037844386,0.5000000000000001,0.7818314824680298,0.6234898018587336,4,1,1
0,2022-07-12 05:00:00,82.52516129032257,21.3214606741573,76.01179775280899,66.44108556832695,100.64998890122088,81.15184864104968,63.15155612244898,67.30189409402179,71.69977562156207,62.984226404717816,49.992211852349534,0.9659258262890684,0.2588190451025207,0.7818314824680298,0.6234898018587336,5,1,1
0,2022-07-12 19:00:00,49.4890827147402,5.9101534044298605,18.652830188679246,63.942651098901095,36.239300144300145,63.51211873638344,30.353045454545455,63.74590768473955,32.21342054357975,65.51207074032965,32.850741056240466,-0.9659258262890684,0.2588190451025203,0.7818314824680298,0.6234898018587336,19,1,26
0,2022-07-12 20:00:00,42.534509290607865,14.50679390104761,25.794101066243194,44.30820260945336,30.934015241682538,54.88077319823951,25.104887236474838,55.466032765919564,31.248720500220863,68.26215428289316,30.46318811576603,-0.8660254037844386,0.5000000000000001,0.7818314824680298,0.6234898018587336,20,1,16
0,2022-07-12 21:00:00,38.93455459770115,13.883977900552486,17.40032448377581,41.54050424281984,28.42567567567568,48.54655425219941,38.28997506234414,54.74116709966451,31.963713312298704,57.10879171727688,30.04617656855769,-0.7071067811865477,0.7071067811865474,0.7818314824680298,0.6234898018587336,21,1,17
0,2022-07-12 22:00:00,61.97567567567568,13.138461538461538,20.264110320284697,53.22859848484848,32.26130434782608,51.36169950738916,33.07814225397857,61.20528752864095,32.16438638285327,61.33711520150487,30.402348373030947,-0.5000000000000004,0.8660254037844384,0.7818314824680298,0.6234898018587336,22,1,37
0,2022-07-12 23:00:00,45.85909090909091,13.738383838383838,18.137734375,79.04816017316017,34.972202216066485,59.97950819672131,37.552721088435376,65.06846853038765,39.18069520859339,65.68678572863244,33.27844336061391,-0.2588190451025215,0.965925826289068,0.7818314824680298,0.6234898018587336,23,1,43
0,2022-07-13 00:00:00,48.17763157894737,12.898421052631578,21.989565217391306,70.65344827586206,39.208333333333336,66.85,31.08934362934363,65.00120559334844,33.085705976170374,68.54718577876378,31.420011648065497,0.0,1.0,0.9749279121818236,-0.2225209339563143,0,2,39
0,2022-07-13 01:00:00,63.72057823129252,12.07578125,20.179609401675116,53.49338942307693,28.916652046783625,45.786104826546,32.30761057945897,60.53542036271143,32.49229171547951,60.609078531669084,33.64743235791593,0.2588190451025207,0.9659258262890684,0.9749279121818236,-0.2225209339563143,1,2,30
0,2022-07-13 02:00:00,77.21851851851852,11.475628415300546,24.888138528138526,82.05550847457627,43.08928571428572,65.57850985221675,35.1735552193646,84.28623070382,36.99504394078337,73.13013987246241,35.80317378411029,0.4999999999999999,0.8660254037844387,0.9749279121818236,-0.2225209339563143,2,2,49
0,2022-07-13 03:00:00,108.62230603448276,13.152925531914892,50.79037037037037,119.3823322702575,31.153131083202513,82.583671875,35.14603238866397,94.60262872421147,46.657303659487724,80.15089458563583,41.321208113059825,0.7071067811865476,0.7071067811865476,0.9749279121818236,-0.2225209339563143,3,2,26
0,2022-07-13 04:00:00,236.6443346007605,12.84739365815932,72.77246713070379,71.21850775193798,107.91175617375815,200.99843907351465,61.41207184628237,182.47656603049333,67.74802040476395,130.30318065229332,77.39647744415466,0.8660254037844386,0.5000000000000001,0.9749279121818236,-0.2225209339563143,4,2,1
0,2022-07-13 05:00:00,35.774289405684755,25.35884529147982,83.09949551569507,113.61735294117648,50.56382537385432,242.63705323193915,85.61986078886311,171.6180000191306,85.16342448077346,128.64762383744136,84.94760822494233,0.9659258262890684,0.2588190451025207,0.9749279121818236,-0.2225209339563143,5,2,1
0,2022-07-13 19:00:00,78.850619681835,10.310589569161,18.44460440633585,72.73426397685876,32.413558577853934,63.742701048951055,39.000952380952384,95.43329383523556,34.62376007526646,89.34419113112101,34.27358832818611,-0.9659258262890684,0.2588190451025203,0.9749279121818236,-0.2225209339563143,19,2,24
0,2022-07-13 20:00:00,73.52801805337519,11.715397680394942,15.496326360887096,59.78376598760549,30.251889140271494,59.405069352708054,28.203574766107586,69.22271496800187,27.53790023217652,68.5844778470547,29.592342855281522,-0.8660254037844386,0.5000000000000001,0.9749279121818236,-0.2225209339563143,20,2,16
0,2022-07-13 21:00:00,47.56054625789889,13.841936299115167,15.872079205826513,84.13865429970973,25.888371924395287,78.76865724614233,27.18796095025553,71.54271366674442,29.896169751042052,66.35999190789133,29.451074714435528,-0.7071067811865477,0.7071067811865474,0.9749279121818236,-0.2225209339563143,21,2,16
0,2022-07-13 22:00:00,72.2551724137931,12.6,21.30386058981233,76.89882352941176,32.21228571428571,73.13369565217391,35.38234972677596,84.84251683501684,38.05400591324872,83.69211197161256,34.77582623794229,-0.5000000000000004,0.8660254037844384,0.9749279121818236,-0.2225209339563143,22,2,49
0,2022-07-13 23:00:00,69.21512931034482,11.806692477876105,19.369945887445887,68.29863947574334,31.81579218905164,100.51973572037511,33.943808357215495,78.56055860596186,35.61330810473227,90.42253402962214,34.833719977021616,-0.2588190451025215,0.965925826289068,0.9749279121818236,-0.2225209339563143,23,2,50
0,2022-07-14 00:00:00,84.81245791245792,13.153055218446603,18.390857007575754,87.09631714222883,31.759881072724028,77.05433964932126,31.166813519813523,97.5718141971022,32.88182774224279,90.51462574722983,34.24664462977262,0.0,1.0,0.4338837391175582,-0.900968867902419,0,3,40
0,2022-07-14 01:00:00,79.87196432409198,10.560811093277593,19.96201219512195,85.08357153660012,30.694197551013126,138.93639705882353,31.88819504310345,100.08211758386508,31.497509007503947,96.66821374125773,35.242548623118395,0.2588190451025207,0.9659258262890684,0.4338837391175582,-0.900968867902419,1,3,20
0,2022-07-14 02:00:00,78.48153846153846,10.893333333333333,20.77533333333333,133.08341346153844,38.89790262172284,89.96477272727272,32.87125,105.6956620728774,32.91837733387393,102.67509643557156,36.95117486412999,0.4999999999999999,0.8660254037844387,0.4338837391175582,-0.900968867902419,2,3,35
0,2022-07-14 03:00:00,129.5966346153846,10.85,30.323893805309734,68.46392508143322,27.17128851540616,88.8205737704918,32.92226804123711,115.93587093669186,34.51942821067821,114.46076388888888,37.43962593613202,0.7071067811865476,0.7071067811865476,0.4338837391175582,-0.900968867902419,3,3,29
0,2022-07-14 04:00:00,41.87152542372882,22.400068694798826,50.98616290480864,67.5883595113438,47.88778433476395,87.40866369710467,58.576106870229005,71.81639126553323,57.88181870563176,107.15368128694222,69.7145805144646,0.8660254037844386,0.5000000000000001,0.4338837391175582,-0.900968867902419,4,3,1
0,2022-07-14 19:00:00,50.8,10.89,13.611999999999998,65.85641891891892,37.04545454545455,82.11267857142857,37.91803278688525,74.76463225888038,31.784805540368136,77.97889900017633,33.23833313372734,-0.9659258262890684,0.2588190451025203,0.4338837391175582,-0.900968867902419,19,3,33
0,2022-07-14 20:00:00,60.386759470823336,12.460188933298493,15.526944153577661,83.12309244420624,31.93637476165511,67.67776199494949,29.22427277974172,80.2845360908652,31.69702684666168,80.95395522516009,31.45025574507725,-0.8660254037844386,0.5000000000000001,0.4338837391175582,-0.900968867902419,20,3,8
0,2022-07-14 21:00:00,79.41498637602179,12.483333333333333,18.270481857764874,117.96544759825328,24.16629863580416,85.63174139051333,31.4136,85.08557834469563,32.100604499906744,91.11200515354696,29.510614944049024,-0.7071067811865477,0.7071067811865474,0.4338837391175582,-0.900968867902419,21,3,9
0,2022-07-14 22:00:00,68.53311111111111,9.770258244634444,17.861872618520156,64.87018914473684,30.169436991218063,80.6150885163587,31.93637476165511,83.64974267128076,29.794897095485794,81.1341826300977,30.794746141562612,-0.5000000000000004,0.8660254037844384,0.4338837391175582,-0.900968867902419,22,3,30
0,2022-07-14 23:00:00,38.44478178368122,10.988444815057477,14.522040161379056,66.3622767857143,22.421906779661015,73.81603776505185,29.332537581193936,76.1239410313566,28.847137489916683,75.75313518834616,30.748399675704725,-0.2588190451025215,0.965925826289068,0.4338837391175582,-0.900968867902419,23,3,26
0,2022-07-15 00:00:00,56.540308231311265,14.63366718027735,14.813389676352468,74.4536129825459,28.156041891891892,77.89856246298612,30.169436991218063,83.59484839857416,32.050005584700955,79.74174775997612,32.06411544827436,0.0,1.0,-0.433883739117558,-0.9009688679024191,0,4,30
0,2022-07-15 01:00:00,45.54740012860702,10.289328260869565,11.6006301340612,85.91394871794871,33.76352460271075,69.07850694444446,27.025696248196247,80.32303418057549,26.207818843700615,94.62471270944098,29.695194083700144,0.2588190451025207,0.9659258262890684,-0.433883739117558,-0.9009688679024191,1,4,40
0,2022-07-15 02:00:00,97.51746031746032,7.8,26.189202127659573,89.90434782608696,30.207083333333333,95.31431818181818,26.83675675675676,102.3483971930847,31.01022898154477,103.10549603174604,32.22323117235303,0.4999999999999999,0.8660254037844387,-0.433883739117558,-0.9009688679024191,2,4,29
0,2022-07-15 03:00:00,71.81738382099829,18.47926717557252,13.47679389312977,109.62968390804596,41.14488494411572,96.3366921005386,60.35331797235023,120.82349719472914,44.61250134701751,97.46319220178584,52.28127114094215,0.7071067811865476,0.7071067811865476,-0.433883739117558,-0.9009688679024191,3,4,1
0,2022-07-17 19:00:00,92.87267080745342,12.116639344262294,23.53391062266791,130.964682278481,29.14851475731525,73.30420666666666,34.191546391752574,93.43881913116124,37.882863121548944,88.73516023254591,34.680302242185334,-0.9659258262890684,0.2588190451025203,-0.7818314824680299,0.6234898018587334,19,6,15
0,2022-07-17 20:00:00,125.85539403213464,11.54241134751773,16.182548682257757,75.75241379310346,30.566230128690385,90.4875,31.57064171122995,88.5880719183419,31.17576902708143,75.89023514262333,31.543624911279704,-0.8660254037844386,0.5000000000000001,-0.7818314824680299,0.6234898018587334,20,6,11
0,2022-07-17 21:00:00,78.51917326893859,12.211230483610798,16.2107732427258,112.25450069006723,29.310020104626496,130.53742912699875,28.984290454732598,110.75433343098837,32.05870189567859,93.11657884194196,32.277528693060034,-0.7071067811865477,0.7071067811865474,-0.7818314824680299,0.6234898018587334,21,6,8
0,2022-07-17 22:00:00,71.3648399900769,11.56624251497006,17.09612221322132,58.32007970071568,26.98367890058352,69.27569270833334,27.968726802507838,76.36410955666761,27.1093098179726,71.19530744985659,29.485810242646288,-0.5000000000000004,0.8660254037844384,-0.7818314824680299,0.6234898018587334,22,6,28
0,2022-07-17 23:00:00,65.2,11.9,16.71,99.375,33.3919012605042,92.96632653061224,28.284791666666663,85.19421489507162,28.566599248817468,81.84884406214181,29.7596276953764,-0.2588190451025215,0.965925826289068,-0.7818314824680299,0.6234898018587334,23,6,31
0,2022-07-18 00:00:00,41.936811224489794,13.940032184778493,11.637817067362375,89.33287925021796,25.45957648546144,79.6169514577382,26.92061143494977,80.89208193086117,26.573113225782976,92.07152833082259,25.757348944550273,0.0,1.0,0.0,1.0,0,0,20
1,2022-07-03 19:00:00,87.58461538461538,7.245603896103896,13.845333333333333,186.6099524076148,24.273848846870948,105.56764705882352,23.059962121212124,105.56764705882352,23.059962121212124,105.56764705882352,23.059962121212124,-0.9659258262890684,0.2588190451025203,-0.7818314824680299,0.6234898018587334,19,6,16
1,2022-07-03 20:00:00,70.58405710886377,9.570525291828794,14.757198443579766,138.13190721649482,23.74297288973689,86.49675925925925,25.28232142857143,168.7495265780731,23.19603156417745,168.7495265780731,23.19603156417745,-0.8660254037844386,0.5000000000000001,-0.7818314824680299,0.6234898018587334,20,6,9
1,2022-07-03 21:00:00,184.88540382452192,7.375365188167571,16.6829696779585,202.6612080722211,25.193388646467128,159.02683736066822,22.855822652018006,189.23422853731654,23.942837796361466,189.23422853731654,23.942837796361466,-0.7071067811865477,0.7071067811865474,-0.7818314824680299,0.6234898018587334,21,6,8
1,2022-07-03 22:00:00,197.9743664717349,6.295112267250822,15.79214989505597,131.46265734265734,19.625473870577714,167.41347117794487,23.228849593495934,191.7490342339588,21.90362218117756,201.0691515891782,21.23873793924615,-0.5000000000000004,0.8660254037844384,-0.7818314824680299,0.6234898018587334,22,6,18
1,2022-07-03 23:00:00,150.6357142857143,6.625,11.232142857142858,168.03522727272727,17.5178515625,220.93796296296296,19.96711924061433,181.86625420875416,19.689714323797016,193.264964165624,19.819559369423267,-0.2588190451025215,0.965925826289068,-0.7818314824680299,0.6234898018587334,23,6,25
1,2022-07-04 00:00:00,264.6202807411567,2.837160751565762,13.840328336674355,230.75545475352743,18.701240204603078,146.60443532787414,23.997200839261893,236.16952280962738,21.989536557878765,234.66581855829114,22.433643054601653,0.0,1.0,0.0,1.0,0,0,12
1,2022-07-04 01:00:00,217.10571946169773,3.6102940464569535,14.035537656016412,281.5684269067797,20.619460286325495,275.6995019213444,17.082396406541875,258.8773550332145,19.493465344882758,227.00100840700537,21.670143705468313,0.2588190451025207,0.9659258262890684,0.0,1.0,1,0,10
1,2022-07-04 02:00:00,173.12543352601156,5.690929451287794,11.693221153846157,178.65625,19.086415094339625,160.95157815631262,18.621283985978117,202.4946289577836,17.260901616318574,177.53223214285714,20.33534684484248,0.4999999999999999,0.8660254037844387,0.0,1.0,2,0,23
1,2022-07-04 03:00:00,163.07415730337078,5.075645756457565,10.8375,107.27857142857144,16.775555555555556,164.5280625,15.203025229705167,185.52163312693497,17.39049953703704,175.76016409615872,18.417952535899385,0.7071067811865476,0.7071067811865476,0.0,1.0,3,0,27
1,2022-07-04 04:00:00,101.50324675324674,0.0,0.0,120.2693668577384,20.31031074577882,191.503875,25.698356971300708,167.58350044690698,16.608630985383066,169.97990810639084,16.15844776223899,0.8660254037844386,0.5000000000000001,0.0,1.0,4,0,8
1,2022-07-04 19:00:00,94.94503157894738,7.34011455215289,15.181882122989093,178.0328834440753,22.882566646919432,103.0961350293542,16.343316416853536,132.36655593078353,19.97694976606308,139.4817,20.422773619392487,-0.9659258262890684,0.2588190451025203,0.0,1.0,19,0,12
1,2022-07-04 20:00:00,197.0433407325194,8.355182926829269,13.940284360189574,94.5467741935484,17.78089873798077,201.0498057713652,20.413930131004367,201.0498057713652,19.666153846153847,201.0498057713652,19.666153846153847,-0.8660254037844386,0.5000000000000001,0.0,1.0,20,0,5
1,2022-07-04 21:00:00,141.38463657661828,3.7621389844105493,14.77189971635259,287.52801832764516,15.336361885313575,217.142001269713,20.112652188746953,197.61821081901323,19.333571543486137,197.61821081901323,19.333571543486137,-0.7071067811865477,0.7071067811865474,0.0,1.0,21,0,6
1,2022-07-04 22:00:00,201.54552083333328,4.387135036496351,9.093382452217206,97.40258046352804,12.809859326539655,165.79160557184753,21.779155370695655,206.8079493604834,19.352207559882675,225.0654586205677,19.14144494599003,-0.5000000000000004,0.8660254037844384,0.0,1.0,22,0,16
1,2022-07-04 23:00:00,77.19166666666666,3.95959595959596,8.927162162162162,127.5964566929134,19.42315789473684,185.4653125,15.7844,138.88425527380062,16.876533575317605,181.38115014526488,17.568064779531845,-0.2588190451025215,0.965925826289068,0.0,1.0,23,0,19
1,2022-07-05 00:00:00,51.40456285896618,3.2895394736842105,11.197084639498431,87.54509993224933,11.989209859695215,88.4699612670655,19.00892351215824,116.81072813293207,16.406291753470562,122.00659663562668,17.469658805032637,0.0,1.0,0.7818314824680298,0.6234898018587336,0,1,10
1,2022-07-05 01:00:00,81.11341463414634,3.393939393939394,7.925410628019323,124.9625,25.958334757486977,114.7200495049505,20.727857142857143,117.55683815153836,23.67988514239343,153.67460901027076,20.14551297467434,0.2588190451025207,0.9659258262890684,0.7818314824680298,0.6234898018587336,1,1,13
1,2022-07-05 02:00:00,163.8032851043643,6.080699679230152,15.241300582793297,166.05455644107656,23.584573999912465,108.59542763157893,19.128495297805642,138.65871073126496,19.18545798663012,162.83402113037448,19.03614947694205,0.4999999999999999,0.8660254037844387,0.7818314824680298,0.6234898018587336,2,1,22
1,2022-07-05 03:00:00,203.14000553709855,4.1858108108108105,23.754109121909636,177.40975105353522,17.317126546970563,177.04704963235292,24.007973214285713,157.22520087873858,25.159941211079364,167.4154289681923,22.408443323566473,0.7071067811865476,0.7071067811865476,0.7818314824680298,0.6234898018587336,3,1,16
1,2022-07-05 19:00:00,78.68260869565218,9.624771241830064,20.12222222222222,186.39375,23.154,85.3695652173913,30.284603524229077,85.3695652173913,30.284603524229077,85.3695652173913,28.045454545454547,-0.9659258262890684,0.2588190451025203,0.7818314824680298,0.6234898018587336,19,1,11
1,2022-07-05 20:00:00,143.68655555555557,5.851363940814711,12.747784205231389,155.9846996753247,19.356180624562164,87.24768154486586,24.311111111111114,145.96196224935062,24.120321852743658,145.3802876984127,24.120321852743658,-0.8660254037844386,0.5000000000000001,0.7818314824680298,0.6234898018587336,20,1,16
1,2022-07-05 21:00:00,127.34097467625364,8.20571719389739,15.29811502877379,102.85031912641827,23.208287591056987,133.7058451118076,16.751870292466176,134.2696072752615,18.135535201641197,134.2696072752615,18.135535201641197,-0.7071067811865477,0.7071067811865474,0.7818314824680298,0.6234898018587336,21,1,8
1,2022-07-05 22:00:00,78.34124700239808,5.297297297297297,11.54012650101273,101.65176056338028,18.88100814391989,215.3137640449438,18.45,172.32371331246824,18.38129274457212,164.96494570406125,18.38129274457212,-0.5000000000000004,0.8660254037844384,0.7818314824680298,0.6234898018587336,22,1,21
1,2022-07-05 23:00:00,132.86102868447082,4.945392491467577,11.268584905660378,188.2313097133758,22.730235294117648,108.73493530499076,18.442,130.67195272976247,16.29766972553846,140.79849314363526,15.701161990810244,-0.2588190451025215,0.965925826289068,0.7818314824680298,0.6234898018587336,23,1,25
1,2022-07-06 00:00:00,200.6885867945312,5.642303433001107,13.38237880295189,209.80379665379667,19.575551873502,198.2751984126984,19.117815732747005,186.7026538308288,19.494128558642117,192.1362169951606,16.481449489926366,0.0,1.0,0.9749279121818236,-0.2225209339563143,0,2,18
1,2022-07-06 01:00:00,268.1402965116279,7.5303679775280905,18.064657622096465,130.1781568877551,12.380930023877212,197.90356348814228,19.411613951699614,226.64409987420458,20.124397003855375,211.49164256639438,22.24138528530382,0.2588190451025207,0.9659258262890684,0.9749279121818236,-0.2225209339563143,1,2,10
1,2022-07-06 02:00:00,139.31175193050194,3.940101400199629,12.592132214943808,176.82504679144387,23.467380566552187,180.71525423728812,23.224951473923745,190.31192612335258,18.245061611260496,183.5367265296657,19.346730330948283,0.4999999999999999,0.8660254037844387,0.9749279121818236,-0.2225209339563143,2,2,20
1,2022-07-06 03:00:00,167.2793103448276,5.383263041065482,13.516,152.45988219895287,22.801052631578948,188.2313097133758,19.234,185.443110888042,21.362222222222226,171.94184991974316,22.248456511619924,0.7071067811865476,0.7071067811865476,0.9749279121818236,-0.2225209339563143,3,2,21
1,2022-07-06 04:00:00,89.56428571428572,0.0,0.0,123.76694915254237,18.388201349431817,180.1274193548387,14.768850260416666,153.10833333333332,15.845392098471317,147.75114261073358,17.981067917657185,0.8660254037844386,0.5000000000000001,0.9749279121818236,-0.2225209339563143,4,2,9
1,2022-07-06 19:00:00,44.25172711571675,8.934315476190477,15.668862612612612,139.07558262711865,27.431158449525935,198.58082142857145,13.623722774621212,132.46412450396826,23.713611973647026,140.32335301959324,24.31942564123887,-0.9659258262890684,0.2588190451025203,0.9749279121818236,-0.2225209339563143,19,2,12
1,2022-07-06 20:00:00,90.0513271506236,3.7289602446483183,14.758094538417431,116.4035401291513,24.450367734282327,40.39217948717948,25.32655068394128,76.30126446353435,18.48705478306575,76.30126446353435,19.988501465353973,-0.8660254037844386,0.5000000000000001,0.9749279121818236,-0.2225209339563143,20,2,7
1,2022-07-06 21:00:00,58.51533101045297,9.470823067798158,9.46298547225873,56.658178225169536,23.171086994917058,70.33709873795559,24.877123343551126,62.452397992652145,19.18255883526938,105.92545150417682,21.653453372126158,-0.7071067811865477,0.7071067811865474,0.9749279121818236,-0.2225209339563143,21,2,14
1,2022-07-06 22:00:00,85.97777777777777,7.875,11.7265306122449,104.77189781021896,21.581296307248294,97.78785714285712,22.15485872235872,151.78683028096916,18.01999505623532,155.88886001920795,20.511567868106223,-0.5000000000000004,0.8660254037844384,0.9749279121818236,-0.2225209339563143,22,2,29
1,2022-07-06 23:00:00,104.69634541316526,7.993865363041872,12.075616174582798,148.04482758620688,22.535699465331298,143.14936804853386,19.874618990354513,147.42477433781858,20.27528589565512,162.31095423197104,19.314407613880743,-0.2588190451025215,0.965925826289068,0.9749279121818236,-0.2225209339563143,23,2,26
1,2022-07-07 00:00:00,271.4171028037383,6.900022267565908,18.369795754283984,270.45751232528346,26.237630529251526,106.12513778378596,23.338331080453415,190.30071612569338,22.28136695675032,169.25750774505707,21.348144345828167,0.0,1.0,0.4338837391175582,-0.900968867902419,0,3,10
1,2022-07-07 01:00:00,109.70312925663634,5.879152613827992,20.341631536216802,158.69234989648032,24.939559760491335,144.2998511904762,23.741362179487176,134.5207168636028,24.18407569307176,180.46791288266581,20.853980923373665,0.2588190451025207,0.9659258262890684,0.4338837391175582,-0.900968867902419,1,3,20
1,2022-07-07 02:00:00,171.63969594594596,5.308887230316058,9.969537344935027,270.53905357142855,29.147871621621622,140.31084850606908,10.806666172572545,169.87611291176657,15.019413987080117,166.629794729555,18.732626229305083,0.4999999999999999,0.8660254037844387,0.4338837391175582,-0.900968867902419,2,3,22
1,2022-07-07 03:00:00,231.32222222222225,9.1875,31.7,101.36208791208792,20.123880560247745,143.80625,15.42313946063702,187.8922686733556,24.384814132104456,156.52088981800702,24.174679382568996,0.7071067811865476,0.7071067811865476,0.4338837391175582,-0.900968867902419,3,3,15
1,2022-07-07 19:00:00,115.72967532467533,8.509304668304669,18.715296384461674,174.95833333333334,19.398593052755373,267.87238013007965,30.089830542745048,208.7536269245429,26.80674014054875,169.6340450991855,21.485073817151733,-0.9659258262890684,0.2588190451025203,0.4338837391175582,-0.900968867902419,19,3,16
1,2022-07-07 20:00:00,165.97641177835436,8.413548387096775,13.697357770343695,159.08894881388315,20.407312585932054,156.0941150746405,32.78932986099008,129.78505912670124,20.285855511019086,128.72924267021577,24.74324784072729,-0.8660254037844386,0.5000000000000001,0.4338837391175582,-0.900968867902419,20,3,8
1,2022-07-07 21:00:00,82.42802728823195,7.113737075332349,11.385886944637672,258.7299309664694,17.694672433035716,186.81475032851512,22.23012543026764,145.4429465626824,28.50486851262006,128.163864711803,19.9739238750262,-0.7071067811865477,0.7071067811865474,0.4338837391175582,-0.900968867902419,21,3,7
1,2022-07-07 22:00:00,198.18984238178632,5.366666666666666,11.64436618970788,227.3315656565657,24.078259342324145,127.20880281690144,20.083673469387755,179.14155610968112,20.022685470085467,158.47944597570782,19.08238725483113,-0.5000000000000004,0.8660254037844384,0.4338837391175582,-0.900968867902419,22,3,19
1,2022-07-07 23:00:00,208.89689378757515,7.17421052631579,14.291497975708502,217.459375,21.974968016286372,235.99861111111116,16.82303466796875,208.0459754870552,20.510170741745952,174.65515969241946,20.46564067460491,-0.2588190451025215,0.965925826289068,0.4338837391175582,-0.900968867902419,23,3,19
1,2022-07-08 00:00:00,192.15556148306212,8.206896551724139,17.363856905175265,209.20961538461535,21.486857811091078,212.99233466933867,21.7096062992126,200.1616060025543,26.51627855747228,151.07159261840604,23.120293253344013,0.0,1.0,-0.433883739117558,-0.9009688679024191,0,4,15
1,2022-07-08 01:00:00,197.72954545454547,7.746779661016949,12.54660533137962,104.26597633136096,26.452526862464182,165.8734309623431,25.740961766098483,158.76470023546503,22.690557933400893,147.8832243377953,22.447725352711064,0.2588190451025207,0.9659258262890684,-0.433883739117558,-0.9009688679024191,1,4,9
1,2022-07-08 02:00:00,156.7012598536036,3.458213271637396,14.0168555768708,159.5795489347097,23.568809788843968,144.402672883487,23.43242249441969,190.76343806098214,23.988375490340793,166.33879716573352,24.234262645205277,0.4999999999999999,0.8660254037844387,-0.433883739117558,-0.9009688679024191,2,4,24
1,2022-07-08 03:00:00,143.3126315789474,4.984293193717278,19.163037860576924,134.85422794117648,15.089230769230769,199.4672131147541,14.352941176470589,205.4462970219436,23.93716516773235,201.0524700812472,24.696103915958755,0.7071067811865476,0.7071067811865476,-0.433883739117558,-0.9009688679024191,3,4,19
1,2022-07-10 19:00:00,75.32587573746312,11.192175330245323,16.858753979964277,126.56704970364771,25.5492405002405,227.60729166666667,34.82374913742113,171.9732573580634,29.456961599326497,210.2366686815476,30.031435928393925,-0.9659258262890684,0.2588190451025203,-0.7818314824680299,0.6234898018587334,19,6,16
1,2022-07-10 20:00:00,151.1115995115995,8.010949464012251,14.8025634765625,142.2723081023454,25.219558011049727,102.60572916666666,21.89508094645081,173.26079723256134,20.7795133171807,187.5783118483465,20.199830101826063,-0.8660254037844386,0.5000000000000001,-0.7818314824680299,0.6234898018587334,20,6,13
1,2022-07-10 21:00:00,137.98486140724947,7.83419689119171,17.025310880829018,179.4623540856031,18.20814241486068,158.44893787575148,20.326000976562497,148.71420060202925,23.36946650690123,170.54709066774402,22.29634011349386,-0.7071067811865477,0.7071067811865474,-0.7818314824680299,0.6234898018587334,21,6,11
1,2022-07-10 22:00:00,106.52711108885103,8.024650092691722,10.810861797507393,174.43208811430324,21.08988258877434,165.15320865376066,24.36939300177741,179.5050018723836,22.02688836355862,178.56187704167777,20.933721302952563,-0.5000000000000004,0.8660254037844384,-0.7818314824680299,0.6234898018587334,22,6,26
1,2022-07-10 23:00:00,150.48110903702565,5.381059184011484,10.811914741697514,257.60549886621317,16.49826284945078,142.71018219557195,21.57928883028601,186.27043698934085,21.89626264430258,184.92821805122395,20.740535503109783,-0.2588190451025215,0.965925826289068,-0.7818314824680299,0.6234898018587334,23,6,28
1,2022-07-11 00:00:00,256.0,4.875,13.147586302398354,162.82520515826494,18.030555555555555,139.829296875,16.987345276872965,200.55291666666668,20.09653209109731,176.51078545716288,21.43647808475842,0.0,1.0,0.0,1.0,0,0,23
1,2022-07-11 01:00:00,225.5133628318584,4.0,12.402576725500529,153.67778993435448,24.92218309859155,261.18065476190475,19.912434782608692,219.6294191919192,20.665395319232275,191.3754252616346,22.249679349843948,0.2588190451025207,0.9659258262890684,0.0,1.0,1,0,13
1,2022-07-11 02:00:00,118.3258024691358,6.843206289978678,13.21804847343828,109.77091118215847,30.31180875459559,149.30988707983192,16.97338911207704,165.14550847359956,20.855428315615825,187.15734410503927,22.913104327650018,0.4999999999999999,0.8660254037844387,0.0,1.0,2,0,28
1,2022-07-11 03:00:00,264.8398757309942,7.058846153846154,32.57701790364583,140.34583333333333,18.853988095238094,133.61375,16.762221511314653,187.51316468253964,26.142480262070105,205.55105763610584,23.349199677613157,0.7071067811865476,0.7071067811865476,0.0,1.0,3,0,16
1,2022-07-11 19:00:00,66.81573033707865,8.223981769404306,12.525560605822434,76.26752577319587,21.675825459342676,137.51444444444445,29.80022302827381,142.58891780652698,25.224660558545658,150.4338718688672,25.654693682092773,-0.9659258262890684,0.2588190451025203,0.0,1.0,19,0,16
1,2022-07-11 20:00:00,181.3433027522936,8.547686335403727,10.87120207253886,144.38846334416758,22.720645161290324,124.36948051948052,27.404725274725276,130.50210884304417,18.810744340635363,159.93265372167477,18.810744340635363,-0.8660254037844386,0.5000000000000001,0.0,1.0,20,0,9
1,2022-07-11 21:00:00,229.17948468643652,5.695623342175066,14.74911276272124,275.63643092105264,22.23743899936869,199.34969555412368,21.191394849785407,287.52801832764516,18.66292360737941,234.90113722015585,19.67000458774975,-0.7071067811865477,0.7071067811865474,0.0,1.0,21,0,5
1,2022-07-11 22:00:00,85.84413630181115,8.59373368146214,15.777836271273662,155.40188442211053,23.307673214377093,83.75676535087719,20.472363158301754,126.24295402125954,23.463052684241454,142.5914373554658,20.078119214651284,-0.5000000000000004,0.8660254037844384,0.0,1.0,22,0,12
1,2022-07-11 23:00:00,136.14500902853013,6.786585365853659,13.78685385671661,107.6455321406913,18.176081542414646,121.08263737263465,25.857717167192018,147.55994569428918,21.063528527477658,169.626753579423,20.558859988537904,-0.2588190451025215,0.965925826289068,0.0,1.0,23,0,32
1,2022-07-12 00:00:00,77.06554383116884,7.277181411689556,11.43865234375,128.13750862663906,22.87505555555556,154.48313442211054,22.705852306405994,140.24019886363635,22.98328265228682,149.6051061381109,19.780221730965472,0.0,1.0,0.7818314824680298,0.6234898018587336,0,1,22
1,2022-07-12 01:00:00,102.21278956943604,7.5123832923832925,14.614978001257072,86.11807692307693,30.70806037646812,63.111007462686565,21.29485148514852,124.69802767922336,21.93217403834812,129.29943741055538,22.60731547916852,0.2588190451025207,0.9659258262890684,0.7818314824680298,0.6234898018587336,1,1,7
1,2022-07-12 02:00:00,142.28,6.375,13.44875,130.65833333333333,37.1475,81.7090909090909,13.104052183493591,129.6489524702939,19.40133123353962,135.66103470116568,22.04646799460525,0.4999999999999999,0.8660254037844387,0.7818314824680298,0.6234898018587336,2,1,25
1,2022-07-12 03:00:00,152.88035714285712,5.6847133757961785,22.19388888888889,124.08823529411764,18.348299753289474,147.075,19.185,185.67587513512368,19.19578431372549,153.3983593177108,23.788071894403256,0.7071067811865476,0.7071067811865476,0.7818314824680298,0.6234898018587336,3,1,19
1,2022-07-12 19:00:00,161.275,5.295333333333333,18.477350649350647,196.7810975609756,30.95055555555556,120.87867647058825,39.96666666666667,180.07777777777778,28.44154666456229,203.78472222222223,29.032514165088383,-0.9659258262890684,0.2588190451025203,0.7818314824680298,0.6234898018587336,19,1,5
1,2022-07-12 20:00:00,61.167365591397854,10.85514705882353,22.615470415227932,58.173188014403294,37.918363721365125,103.90007575757576,20.256064685855772,134.39923712986248,27.09160831682003,184.71257497014884,22.823024382079122,-0.8660254037844386,0.5000000000000001,0.7818314824680298,0.6234898018587336,20,1,4
1,2022-07-12 21:00:00,45.85514403292181,11.478494623655914,26.881648745519712,200.38999413145535,31.625990106688864,120.15375207296847,30.244684858811542,287.52801832764516,31.353800681381056,244.59596668029545,28.5781244100994,-0.7071067811865477,0.7071067811865474,0.7818314824680298,0.6234898018587336,21,1,1
1,2022-07-12 22:00:00,103.19836860670193,10.241716997411562,22.902915108889957,124.04821428571428,28.000955787203452,110.48802002224694,30.82930796601184,140.9495264927026,29.866784896225752,154.19039637499083,26.330497567557025,-0.5000000000000004,0.8660254037844384,0.7818314824680298,0.6234898018587336,22,1,14
1,2022-07-12 23:00:00,120.04354838709676,9.044736842105262,12.695100619195047,216.1695,21.77848774592944,147.15474473443223,25.797272727272727,164.46976535958981,28.07401694171878,161.5599346701277,26.219457191839652,-0.2588190451025215,0.965925826289068,0.7818314824680298,0.6234898018587336,23,1,22
1,2022-07-13 00:00:00,110.1625,7.760869565217392,20.783649382394827,125.25792410714288,31.93631578947368,122.86520737327189,26.906168105811403,135.28273342881553,30.013523135867967,178.5706942461483,26.57766614788706,0.0,1.0,0.9749279121818236,-0.2225209339563143,0,2,19
1,2022-07-13 01:00:00,257.0468571428571,7.955863636363636,21.276833976833977,47.304,19.59013513513513,51.062681159420286,38.64389991371872,138.81170147994786,34.1824486024486,151.94061411394736,28.373142489429267,0.2588190451025207,0.9659258262890684,0.9749279121818236,-0.2225209339563143,1,2,3
1,2022-07-13 02:00:00,213.9333333333333,6.604838709677419,17.533096987668383,187.34375,25.505,125.25792410714288,28.924022988505747,160.42948717948718,29.518396346660875,176.99382202539377,28.090858010568557,0.4999999999999999,0.8660254037844387,0.9749279121818236,-0.2225209339563143,2,2,29
1,2022-07-13 03:00:00,254.1734375,7.076086956521739,26.37989343475877,193.53902439024392,19.36330685985332,219.115,19.9304,213.495303382054,22.58383077905492,195.03469596171803,21.33438362953991,0.7071067811865476,0.7071067811865476,0.9749279121818236,-0.2225209339563143,3,2,19
1,2022-07-13 19:00:00,102.42579051383399,6.486419294990723,17.611012558869703,149.13092948717951,26.087775607638893,275.50440414507773,41.11884615384616,265.2081106686597,34.71381108298749,223.79153240868072,30.310961763735882,-0.9659258262890684,0.2588190451025203,0.9749279121818236,-0.2225209339563143,19,2,8
1,2022-07-13 20:00:00,129.76121903578087,8.034885797149315,16.491358798228514,227.61321514340364,20.29778627398334,91.76130222787543,30.841125718543754,98.94258172029689,27.19698326139207,90.15979096393603,25.361981346133017,-0.8660254037844386,0.5000000000000001,0.9749279121818236,-0.2225209339563143,20,2,2
1,2022-07-13 21:00:00,287.52801832764516,5.316666666666666,15.227161562072585,287.52801832764516,20.28106788066505,134.12079012400486,25.393445839874413,177.8848489480082,27.202269841176957,156.55877527576675,27.739767551374563,-0.7071067811865477,0.7071067811865474,0.9749279121818236,-0.2225209339563143,21,2,4
1,2022-07-13 22:00:00,181.42041666666665,6.895522388059701,14.793111061030983,226.81188750862663,23.556190802746166,226.43046810273407,23.89602777841649,218.35635956099247,24.139656001004234,194.57953111095767,25.918334846211586,-0.5000000000000004,0.8660254037844384,0.9749279121818236,-0.2225209339563143,22,2,30
1,2022-07-13 23:00:00,153.28116815616815,7.2410016454134105,14.77042235957493,201.89850230414748,20.948079222720477,191.60819462755438,23.365576097543396,190.5994808652963,25.257959750447398,176.47549810376933,26.034713560841286,-0.2588190451025215,0.965925826289068,0.9749279121818236,-0.2225209339563143,23,2,30
1,2022-07-14 00:00:00,245.92105263157896,5.686779992184446,14.98199994991987,224.12361853185433,26.269618827362272,187.04174019607842,19.96199288179465,214.08024438045015,22.85327662203572,198.04397477802038,24.80512045419279,0.0,1.0,0.4338837391175582,-0.900968867902419,0,3,26
1,2022-07-14 01:00:00,279.53186842105265,7.056419994487772,17.56155835072584,177.86540206508135,28.95455976255893,263.8853278815596,24.965758512911044,269.735399899954,22.930058618474344,235.48227012439145,24.467604417482768,0.2588190451025207,0.9659258262890684,0.4338837391175582,-0.900968867902419,1,3,14
1,2022-07-14 02:00:00,192.3957874548114,6.90695494770716,17.156972208181262,233.0798445767196,23.2657853096351,226.42835872576177,22.517472877710894,215.24665994924615,23.780384839338943,221.91404001480015,23.5043498732625,0.4999999999999999,0.8660254037844387,0.4338837391175582,-0.900968867902419,2,3,28
1,2022-07-14 03:00:00,218.20893678160917,5.700875987633116,16.8030162601626,180.24854166666665,11.299462514109425,198.30438525835868,23.60035861763375,191.94319023569028,22.38151963271104,207.18135094832274,23.291143648753753,0.7071067811865476,0.7071067811865476,0.4338837391175582,-0.900968867902419,3,3,20
1,2022-07-14 19:00:00,169.43333333333334,3.2544444444444443,5.7485333333333335,197.2828947368421,23.676315789473687,191.47890625,28.663094471238548,177.68310185185183,25.70613756613757,190.49594318745645,28.253773987980072,-0.9659258262890684,0.2588190451025203,0.4338837391175582,-0.900968867902419,19,3,15
1,2022-07-14 20:00:00,227.78564678086235,8.75070789865872,12.31406497622821,224.66324393828063,23.714190317195325,104.16583333333332,24.242857142857144,170.91806727075627,27.97035895858959,157.316477094303,29.06763674425206,-0.8660254037844386,0.5000000000000001,0.4338837391175582,-0.900968867902419,20,3,7
1,2022-07-14 21:00:00,221.7932199577926,8.030714153932974,14.858407304219924,217.73264616055843,25.007073715062276,207.07382599825343,20.433245332420263,178.49469376567356,23.189042949687796,173.5573718221312,26.20637504478357,-0.7071067811865477,0.7071067811865474,0.4338837391175582,-0.900968867902419,21,3,8
1,2022-07-14 22:00:00,185.0920634920635,6.348837209302325,11.231238564391274,161.8820099255583,20.16470648815654,184.51985294117648,17.205007890625,182.05379158981643,19.598408645406423,177.00844854070658,22.229066762400816,-0.5000000000000004,0.8660254037844384,0.4338837391175582,-0.900968867902419,22,3,23
1,2022-07-14 23:00:00,121.5999361407094,4.892383418499544,13.566283061937817,198.50603385469662,17.02552037309769,199.50147137506684,22.501420391757247,194.50540634065237,21.427621864458615,194.84304674044347,22.5559652439645,-0.2588190451025215,0.965925826289068,0.4338837391175582,-0.900968867902419,23,3,22
1,2022-07-15 00:00:00,211.81698243341012,8.552018900343644,8.914614285714286,212.61527615396295,31.425665534021313,183.27526393053472,19.848735796161606,205.01701771614194,23.10640530818182,209.68808442629532,22.4643208166043,0.0,1.0,-0.433883739117558,-0.9009688679024191,0,4,18
1,2022-07-15 01:00:00,193.77688492063493,8.415667074663403,17.0925,188.2899523809524,22.037596059113298,176.89794014084507,18.100634920634924,175.63370478962014,19.390336573427994,181.4336536259877,21.669774327710467,0.2588190451025207,0.9659258262890684,-0.433883739117558,-0.9009688679024191,1,4,28
1,2022-07-15 02:00:00,200.44270833333331,4.256756756756757,14.79310344827586,180.13297872340425,19.02586206896552,197.2828947368421,20.3675,193.9314908154121,14.053333333333333,223.73050294612796,15.87108329568593,0.4999999999999999,0.8660254037844387,-0.433883739117558,-0.9009688679024191,2,4,21
1,2022-07-17 19:00:00,164.1,7.321220657276996,15.162464788732397,243.6,25.34324639670556,223.4076086956522,22.85,277.9053301528945,23.02660600255428,245.3929516856451,24.971462246427397,-0.9659258262890684,0.2588190451025203,-0.7818314824680299,0.6234898018587334,19,6,13
1,2022-07-17 20:00:00,229.81248484848484,8.638960302457468,22.023653846153845,205.5810801393728,25.56564724919094,153.67778993435448,24.92218309859155,213.6447072737745,23.74064123581336,203.3753560600381,22.28309126144337,-0.8660254037844386,0.5000000000000001,-0.7818314824680299,0.6234898018587334,20,6,9
1,2022-07-17 21:00:00,201.937212543554,7.59874928936896,17.648171521035596,235.64931640625,27.220091589016057,234.01248484848483,31.578506616257087,215.35439677341137,27.543980657678016,227.84156177868817,23.76967834795092,-0.7071067811865477,0.7071067811865474,-0.7818314824680299,0.6234898018587334,21,6,9
1,2022-07-17 22:00:00,174.61082981715893,7.7386587273553005,17.493493256473784,220.4123304469814,24.40859968498721,202.28475755420283,18.70413189599246,180.1316057252613,24.981549570875742,190.87906788559565,23.698766265475733,-0.5000000000000004,0.8660254037844384,-0.7818314824680299,0.6234898018587334,22,6,24
1,2022-07-17 23:00:00,196.15749999999997,5.723201754385965,18.016530378722795,287.52801832764516,16.826297192220963,216.28425162101672,24.051645197845566,216.30685857975635,24.938253711745013,202.29361290116708,19.405006288174988,-0.2588190451025215,0.965925826289068,-0.7818314824680299,0.6234898018587334,23,6,22
1,2022-07-18 00:00:00,271.59167559230536,8.969839600581944,10.097069699192957,185.4788495732575,23.273502973186766,198.61140873015873,25.867508389261744,208.22504002525432,22.4271206979472,191.85186367962146,22.405072084508795,0.0,1.0,0.0,1.0,0,0,16
